1,1,6337,Carson Palmer,QB,8.08
1,1,7801,Greg Jennings,WR,19.6
1,1,5949,Antonio Bryant,WR,3.9
1,1,6766,Roy Williams,WR,14.1
1,1,8261,Adrian Peterson,RB,32.3
1,1,7285,Marion Barber,RB,11.9
1,1,7847,Owen Daniels,TE,6.4
1,1,7180,Cedric Benson,BN,16.8
1,1,6760,Eli Manning,BN,9.94
1,1,5900,Jeremy Shockey,BN,13.1
1,1,8021,Miles Austin,BN,8.7
1,1,3135,Joey Galloway,BN,0.0
1,1,7867,Stephen Gostkowski,K,4.0
1,1,7434,Rob Bironas,BN,3.0
1,1,100033,Baltimore,DEF,3.0
1,2,6337,Carson Palmer,QB,18.5
1,2,7801,Greg Jennings,WR,0.0
1,2,6766,Roy Williams,WR,2.3
1,2,8021,Miles Austin,WR,2.5
1,2,8261,Adrian Peterson,RB,15.6
1,2,7180,Cedric Benson,RB,14.1
1,2,7847,Owen Daniels,TE,14.2
1,2,7285,Marion Barber,BN,20.5
1,2,5949,Antonio Bryant,BN,0.0
1,2,6760,Eli Manning,BN,19.4
1,2,5900,Jeremy Shockey,BN,6.9
1,2,3135,Joey Galloway,BN,7.8
1,2,7867,Stephen Gostkowski,K,7.0
1,2,7434,Rob Bironas,BN,3.0
1,2,100033,Baltimore,DEF,6.0
1,3,6337,Carson Palmer,QB,12.42
1,3,7801,Greg Jennings,WR,11.3
1,3,6766,Roy Williams,WR,9.5
1,3,8333,Mike Sims-Walker,WR,9.1
1,3,8261,Adrian Peterson,RB,10.9
1,3,7180,Cedric Benson,RB,12.6
1,3,5900,Jeremy Shockey,TE,7.8
1,3,7847,Owen Daniels,BN,10.3
1,3,7285,Marion Barber,BN,0.0
1,3,5949,Antonio Bryant,BN,1.1
1,3,6760,Eli Manning,BN,13.34
1,3,3135,Joey Galloway,BN,2.4
1,3,7867,Stephen Gostkowski,K,8.0
1,3,7434,Rob Bironas,BN,2.0
1,3,100033,Baltimore,DEF,17.0
1,4,6760,Eli Manning,QB,17.68
1,4,7801,Greg Jennings,WR,4.6
1,4,6766,Roy Williams,WR,5.0
1,4,8333,Mike Sims-Walker,WR,20.6
1,4,8261,Adrian Peterson,RB,8.0
1,4,7180,Cedric Benson,RB,9.1
1,4,7847,Owen Daniels,TE,5.8
1,4,6337,Carson Palmer,BN,16.2
1,4,5900,Jeremy Shockey,BN,5.4
1,4,7285,Marion Barber,BN,11.8
1,4,5949,Antonio Bryant,BN,10.4
1,4,3135,Joey Galloway,BN,0.0
1,4,7867,Stephen Gostkowski,K,4.0
1,4,7434,Rob Bironas,BN,2.0
1,4,100033,Baltimore,DEF,5.0
1,5,6760,Eli Manning,QB,12.92
1,5,8333,Mike Sims-Walker,WR,0.0
1,5,5949,Antonio Bryant,WR,8.7
1,5,3135,Joey Galloway,WR,0.0
1,5,8261,Adrian Peterson,RB,16.5
1,5,7285,Marion Barber,RB,5.3
1,5,7847,Owen Daniels,TE,13.4
1,5,6766,Roy Williams,BN,0.0
1,5,7801,Greg Jennings,BN,0.0
1,5,7180,Cedric Benson,BN,18.6
1,5,6337,Carson Palmer,BN,14.64
1,5,5900,Jeremy Shockey,BN,0.0
1,5,7867,Stephen Gostkowski,K,4.0
1,5,7434,Rob Bironas,BN,9.0
1,5,100033,Baltimore,DEF,8.0
1,6,6337,Carson Palmer,QB,12.56
1,6,8333,Mike Sims-Walker,WR,16.5
1,6,5949,Antonio Bryant,WR,4.7
1,6,7801,Greg Jennings,WR,9.4
1,6,8261,Adrian Peterson,RB,18.6
1,6,7180,Cedric Benson,RB,9.5
1,6,7847,Owen Daniels,TE,19.3
1,6,6760,Eli Manning,BN,7.02
1,6,7285,Marion Barber,BN,0.0
1,6,6766,Roy Williams,BN,0.0
1,6,5900,Jeremy Shockey,BN,9.7
1,6,8021,Miles Austin,BN,0.0
1,6,7867,Stephen Gostkowski,K,2.0
1,6,7434,Rob Bironas,BN,0.0
1,6,100033,Baltimore,DEF,2.0
1,7,6760,Eli Manning,QB,9.62
1,7,7801,Greg Jennings,WR,7.7
1,7,6766,Roy Williams,WR,2.1
1,7,8021,Miles Austin,WR,28.1
1,7,8261,Adrian Peterson,RB,18.9
1,7,7180,Cedric Benson,RB,22.9
1,7,7847,Owen Daniels,TE,19.8
1,7,6337,Carson Palmer,BN,24.32
1,7,8333,Mike Sims-Walker,BN,0.0
1,7,5949,Antonio Bryant,BN,10.1
1,7,7285,Marion Barber,BN,5.3
1,7,5900,Jeremy Shockey,BN,12.5
1,7,7867,Stephen Gostkowski,K,0.0
1,7,7434,Rob Bironas,BN,0.0
1,7,100025,San Francisco,DEF,4.0
1,8,6760,Eli Manning,QB,13.28
1,8,7801,Greg Jennings,WR,15.6
1,8,8021,Miles Austin,WR,13.7
1,8,8333,Mike Sims-Walker,WR,1.9
1,8,8261,Adrian Peterson,RB,18.6
1,8,7285,Marion Barber,RB,9.6
1,8,7847,Owen Daniels,TE,2.7
1,8,7180,Cedric Benson,BN,0.0
1,8,6766,Roy Williams,BN,6.9
1,8,6337,Carson Palmer,BN,0.0
1,8,5949,Antonio Bryant,BN,0.0
1,8,5900,Jeremy Shockey,BN,9.7
1,8,7434,Rob Bironas,K,8.0
1,8,7867,Stephen Gostkowski,BN,0.0
1,8,100024,San Diego,DEF,8.0
1,9,6760,Eli Manning,QB,14.6
1,9,7801,Greg Jennings,WR,8.6
1,9,8021,Miles Austin,WR,9.4
1,9,8333,Mike Sims-Walker,WR,21.7
1,9,7285,Marion Barber,RB,8.5
1,9,7180,Cedric Benson,RB,15.7
1,9,5900,Jeremy Shockey,TE,4.1
1,9,8261,Adrian Peterson,BN,0.0
1,9,6766,Roy Williams,BN,10.0
1,9,6337,Carson Palmer,BN,12.96
1,9,5949,Antonio Bryant,BN,0.0
1,9,9348,Mike Wallace,BN,13.2
1,9,7434,Rob Bironas,K,4.0
1,9,7867,Stephen Gostkowski,BN,9.0
1,9,100024,San Diego,DEF,8.0
1,10,6337,Carson Palmer,QB,6.92
1,10,7801,Greg Jennings,WR,6.5
1,10,8021,Miles Austin,WR,4.0
1,10,8333,Mike Sims-Walker,WR,10.4
1,10,7180,Cedric Benson,RB,2.2
1,10,8261,Adrian Peterson,RB,19.3
1,10,5900,Jeremy Shockey,TE,5.7
1,10,6760,Eli Manning,BN,0.0
1,10,7285,Marion Barber,BN,5.2
1,10,6766,Roy Williams,BN,15.0
1,10,5949,Antonio Bryant,BN,0.0
1,10,9348,Mike Wallace,BN,2.1
1,10,7867,Stephen Gostkowski,K,4.0
1,10,7434,Rob Bironas,BN,6.0
1,10,100024,San Diego,DEF,4.0
1,11,6337,Carson Palmer,QB,13.98
1,11,7801,Greg Jennings,WR,19.1
1,11,8021,Miles Austin,WR,6.7
1,11,8333,Mike Sims-Walker,WR,17.1
1,11,7180,Cedric Benson,RB,0.0
1,11,8261,Adrian Peterson,RB,11.8
1,11,5900,Jeremy Shockey,TE,2.7
1,11,6760,Eli Manning,BN,23.36
1,11,7285,Marion Barber,BN,9.2
1,11,6766,Roy Williams,BN,0.0
1,11,5949,Antonio Bryant,BN,5.5
1,11,9348,Mike Wallace,BN,4.2
1,11,7867,Stephen Gostkowski,K,2.0
1,11,7434,Rob Bironas,BN,8.0
1,11,100024,San Diego,DEF,16.0
1,12,6337,Carson Palmer,QB,8.9
1,12,7801,Greg Jennings,WR,7.3
1,12,8021,Miles Austin,WR,22.0
1,12,8333,Mike Sims-Walker,WR,6.6
1,12,8261,Adrian Peterson,RB,13.3
1,12,7285,Marion Barber,RB,11.2
1,12,5900,Jeremy Shockey,TE,0.0
1,12,7180,Cedric Benson,BN,0.0
1,12,6760,Eli Manning,BN,6.5
1,12,6766,Roy Williams,BN,6.5
1,12,5949,Antonio Bryant,BN,14.6
1,12,9348,Mike Wallace,BN,0.0
1,12,7867,Stephen Gostkowski,K,0.0
1,12,7434,Rob Bironas,BN,6.0
1,12,100024,San Diego,DEF,11.0
2,1,4650,Donovan McNabb,QB,14.86
2,1,6339,Andre Johnson,WR,5.5
2,1,8277,Dwayne Bowe,WR,10.0
2,1,4863,Donald Driver,WR,5.9
2,1,7286,Brandon Jacobs,RB,7.3
2,1,7635,Ryan Grant,RB,11.2
2,1,8292,Zach Miller,TE,12.6
2,1,7779,Joseph Addai,BN,12.2
2,1,4416,Matt Hasselbeck,BN,18.46
2,1,8800,Rashard Mendenhall,BN,0.6
2,1,6975,Patrick Crayton,BN,20.0
2,1,8407,Kevin Boss,BN,7.7
2,1,8305,Steve Smith,BN,11.0
2,1,6290,Jeff Reed,K,4.0
2,1,100003,Chicago,DEF,6.0
2,2,4416,Matt Hasselbeck,QB,5.08
2,2,6339,Andre Johnson,WR,27.9
2,2,8277,Dwayne Bowe,WR,12.1
2,2,4863,Donald Driver,WR,16.9
2,2,7286,Brandon Jacobs,RB,5.8
2,2,7635,Ryan Grant,RB,10.3
2,2,8292,Zach Miller,TE,0.0
2,2,4650,Donovan McNabb,BN,0.0
2,2,7779,Joseph Addai,BN,4.4
2,2,8800,Rashard Mendenhall,BN,5.7
2,2,6975,Patrick Crayton,BN,2.9
2,2,8407,Kevin Boss,BN,1.8
2,2,8305,Steve Smith,BN,22.4
2,2,6290,Jeff Reed,K,0.0
2,2,100003,Chicago,DEF,7.0
2,3,6343,Byron Leftwich,QB,0.18
2,3,6339,Andre Johnson,WR,10.6
2,3,4863,Donald Driver,WR,16.8
2,3,8305,Steve Smith,WR,13.8
2,3,7286,Brandon Jacobs,RB,13.2
2,3,7635,Ryan Grant,RB,10.9
2,3,8292,Zach Miller,TE,2.7
2,3,4416,Matt Hasselbeck,BN,0.0
2,3,8277,Dwayne Bowe,BN,0.0
2,3,4650,Donovan McNabb,BN,0.0
2,3,7779,Joseph Addai,BN,12.6
2,3,8800,Rashard Mendenhall,BN,0.0
2,3,8407,Kevin Boss,BN,3.7
2,3,7022,Lawrence Tynes,K,2.0
2,3,100003,Chicago,DEF,8.0
2,4,3115,Kerry Collins,QB,17.36
2,4,6339,Andre Johnson,WR,7.6
2,4,4863,Donald Driver,WR,7.5
2,4,8305,Steve Smith,WR,26.9
2,4,7286,Brandon Jacobs,RB,9.3
2,4,7635,Ryan Grant,RB,12.1
2,4,8292,Zach Miller,TE,4.8
2,4,4416,Matt Hasselbeck,BN,0.0
2,4,8277,Dwayne Bowe,BN,1.6
2,4,4650,Donovan McNabb,BN,0.0
2,4,7779,Joseph Addai,BN,17.1
2,4,8407,Kevin Boss,BN,6.1
2,4,4653,Ricky Williams,BN,14.1
2,4,7022,Lawrence Tynes,K,5.0
2,4,100003,Chicago,DEF,9.0
2,5,4650,Donovan McNabb,QB,22.56
2,5,6339,Andre Johnson,WR,22.1
2,5,8305,Steve Smith,WR,8.5
2,5,8277,Dwayne Bowe,WR,13.9
2,5,7286,Brandon Jacobs,RB,8.0
2,5,7779,Joseph Addai,RB,17.0
2,5,8292,Zach Miller,TE,8.9
2,5,8407,Kevin Boss,BN,0.0
2,5,3115,Kerry Collins,BN,5.46
2,5,4863,Donald Driver,BN,0.0
2,5,7635,Ryan Grant,BN,0.0
2,5,4416,Matt Hasselbeck,BN,23.94
2,5,4653,Ricky Williams,BN,15.3
2,5,7022,Lawrence Tynes,K,6.0
2,5,100011,Indianapolis,DEF,9.0
2,6,4650,Donovan McNabb,QB,11.56
2,6,6339,Andre Johnson,WR,17.5
2,6,8305,Steve Smith,WR,6.4
2,6,4863,Donald Driver,WR,14.2
2,6,7286,Brandon Jacobs,RB,4.0
2,6,7635,Ryan Grant,RB,12.2
2,6,7206,Heath Miller,TE,14.5
2,6,8292,Zach Miller,BN,20.9
2,6,8277,Dwayne Bowe,BN,13.9
2,6,7779,Joseph Addai,BN,0.0
2,6,3115,Kerry Collins,BN,-3.38
2,6,4416,Matt Hasselbeck,BN,1.68
2,6,4653,Ricky Williams,BN,0.0
2,6,7022,Lawrence Tynes,K,5.0
2,6,100028,Washington,DEF,9.0
2,7,4650,Donovan McNabb,QB,8.74
2,7,6339,Andre Johnson,WR,7.2
2,7,8305,Steve Smith,WR,8.9
2,7,4863,Donald Driver,WR,13.4
2,7,7635,Ryan Grant,RB,19.6
2,7,7779,Joseph Addai,RB,11.2
2,7,7206,Heath Miller,TE,6.8
2,7,8292,Zach Miller,BN,2.5
2,7,7286,Brandon Jacobs,BN,13.7
2,7,8277,Dwayne Bowe,BN,6.1
2,7,4416,Matt Hasselbeck,BN,0.0
2,7,4653,Ricky Williams,BN,22.2
2,7,8290,Kevin Kolb,BN,0.0
2,7,7022,Lawrence Tynes,K,2.0
2,7,100011,Indianapolis,DEF,14.0
2,8,4650,Donovan McNabb,QB,18.6
2,8,6339,Andre Johnson,WR,11.3
2,8,8305,Steve Smith,WR,10.8
2,8,4863,Donald Driver,WR,9.3
2,8,7635,Ryan Grant,RB,6.6
2,8,7779,Joseph Addai,RB,11.48
2,8,8292,Zach Miller,TE,7.7
2,8,7206,Heath Miller,BN,0.0
2,8,7286,Brandon Jacobs,BN,11.7
2,8,8277,Dwayne Bowe,BN,0.0
2,8,4416,Matt Hasselbeck,BN,15.96
2,8,4653,Ricky Williams,BN,7.8
2,8,8290,Kevin Kolb,BN,0.0
2,8,7022,Lawrence Tynes,K,3.0
2,8,100011,Indianapolis,DEF,9.0
2,9,4650,Donovan McNabb,QB,9.98
2,9,6339,Andre Johnson,WR,15.3
2,9,8305,Steve Smith,WR,13.7
2,9,4863,Donald Driver,WR,13.1
2,9,7635,Ryan Grant,RB,13.6
2,9,7286,Brandon Jacobs,RB,7.3
2,9,7206,Heath Miller,TE,3.3
2,9,7779,Joseph Addai,BN,21.7
2,9,8292,Zach Miller,BN,0.0
2,9,8277,Dwayne Bowe,BN,9.4
2,9,4416,Matt Hasselbeck,BN,15.66
2,9,4653,Ricky Williams,BN,8.1
2,9,8290,Kevin Kolb,BN,0.0
2,9,7022,Lawrence Tynes,K,4.0
2,9,100011,Indianapolis,DEF,9.0
2,10,4650,Donovan McNabb,QB,23.0
2,10,4863,Donald Driver,WR,7.0
2,10,8277,Dwayne Bowe,WR,12.1
2,10,8982,Pierre Garcon,WR,10.5
2,10,7635,Ryan Grant,RB,9.7
2,10,7779,Joseph Addai,RB,15.8
2,10,7206,Heath Miller,TE,4.6
2,10,8292,Zach Miller,BN,1.4
2,10,6339,Andre Johnson,BN,0.0
2,10,8305,Steve Smith,BN,0.0
2,10,7286,Brandon Jacobs,BN,0.0
2,10,4416,Matt Hasselbeck,BN,14.3
2,10,4653,Ricky Williams,BN,11.7
2,10,4080,Ryan Longwell,K,4.0
2,10,100011,Indianapolis,DEF,5.0
2,11,4650,Donovan McNabb,QB,15.26
2,11,4863,Donald Driver,WR,6.5
2,11,6339,Andre Johnson,WR,13.8
2,11,8305,Steve Smith,WR,9.9
2,11,7779,Joseph Addai,RB,12.6
2,11,4653,Ricky Williams,RB,26.8
2,11,7206,Heath Miller,TE,17.0
2,11,8982,Pierre Garcon,BN,13.1
2,11,7635,Ryan Grant,BN,19.5
2,11,8292,Zach Miller,BN,13.0
2,11,7286,Brandon Jacobs,BN,10.2
2,11,4416,Matt Hasselbeck,BN,8.64
2,11,6975,Patrick Crayton,BN,5.5
2,11,4080,Ryan Longwell,K,0.0
2,11,100011,Indianapolis,DEF,5.0
2,12,4650,Donovan McNabb,QB,14.2
2,12,4863,Donald Driver,WR,21.7
2,12,6339,Andre Johnson,WR,9.2
2,12,8305,Steve Smith,WR,10.6
2,12,4653,Ricky Williams,RB,14.5
2,12,7635,Ryan Grant,RB,11.8
2,12,7206,Heath Miller,TE,0.7
2,12,7779,Joseph Addai,BN,9.7
2,12,8982,Pierre Garcon,BN,12.8
2,12,8292,Zach Miller,BN,9.8
2,12,7286,Brandon Jacobs,BN,7.2
2,12,4416,Matt Hasselbeck,BN,5.88
2,12,6975,Patrick Crayton,BN,0.0
2,12,4080,Ryan Longwell,K,8.0
2,12,100011,Indianapolis,DEF,8.0
3,1,1025,Brett Favre,QB,7.4
3,1,6762,Larry Fitzgerald,WR,14.1
3,1,8256,Calvin Johnson,WR,10.5
3,1,3664,Terrell Owens,WR,5.6
3,1,7178,Ronnie Brown,RB,6.8
3,1,5036,Thomas Jones,RB,18.7
3,1,6840,Chris Cooley,TE,14.3
3,1,6849,Matt Schaub,BN,6.24
3,1,6591,Kevin Walter,BN,0.0
3,1,8504,Ahmad Bradshaw,BN,8.6
3,1,8951,Josh Morgan,BN,5.3
3,1,7108,Earnest Graham,BN,0.1
3,1,5448,Michael Vick,BN,0.0
3,1,6824,Nate Kaeding,K,3.0
3,1,100010,Tennessee,DEF,14.0
3,2,1025,Brett Favre,QB,12.2
3,2,6762,Larry Fitzgerald,WR,9.4
3,2,8256,Calvin Johnson,WR,13.2
3,2,3664,Terrell Owens,WR,12.0
3,2,7178,Ronnie Brown,RB,21.6
3,2,5036,Thomas Jones,RB,5.8
3,2,6840,Chris Cooley,TE,11.8
3,2,6849,Matt Schaub,BN,26.68
3,2,6591,Kevin Walter,BN,0.0
3,2,8504,Ahmad Bradshaw,BN,5.5
3,2,8951,Josh Morgan,BN,0.0
3,2,7108,Earnest Graham,BN,2.4
3,2,5448,Michael Vick,BN,0.0
3,2,6824,Nate Kaeding,K,8.0
3,2,100010,Tennessee,DEF,-1.0
3,3,1025,Brett Favre,QB,17.14
3,3,6762,Larry Fitzgerald,WR,11.1
3,3,8256,Calvin Johnson,WR,8.3
3,3,3664,Terrell Owens,WR,0.0
3,3,7178,Ronnie Brown,RB,13.0
3,3,5036,Thomas Jones,RB,2.7
3,3,6840,Chris Cooley,TE,5.3
3,3,6849,Matt Schaub,BN,20.5
3,3,6591,Kevin Walter,BN,18.2
3,3,8504,Ahmad Bradshaw,BN,10.4
3,3,8951,Josh Morgan,BN,6.7
3,3,7108,Earnest Graham,BN,0.0
3,3,5448,Michael Vick,BN,0.7
3,3,6824,Nate Kaeding,K,6.0
3,3,100010,Tennessee,DEF,7.0
3,4,6849,Matt Schaub,QB,10.86
3,4,8256,Calvin Johnson,WR,18.5
3,4,3664,Terrell Owens,WR,7.5
3,4,6591,Kevin Walter,WR,4.6
3,4,7178,Ronnie Brown,RB,19.5
3,4,5036,Thomas Jones,RB,8.8
3,4,6840,Chris Cooley,TE,13.0
3,4,1025,Brett Favre,BN,19.64
3,4,6762,Larry Fitzgerald,BN,0.0
3,4,8504,Ahmad Bradshaw,BN,6.4
3,4,8951,Josh Morgan,BN,8.9
3,4,7108,Earnest Graham,BN,2.7
3,4,5448,Michael Vick,BN,0.0
3,4,6824,Nate Kaeding,K,0.0
3,4,100010,Tennessee,DEF,0.0
3,5,6849,Matt Schaub,QB,20.34
3,5,8256,Calvin Johnson,WR,0.7
3,5,3664,Terrell Owens,WR,7.0
3,5,6762,Larry Fitzgerald,WR,18.4
3,5,7178,Ronnie Brown,RB,19.14
3,5,5036,Thomas Jones,RB,12.2
3,5,6840,Chris Cooley,TE,0.0
3,5,6591,Kevin Walter,BN,5.6
3,5,1025,Brett Favre,BN,11.58
3,5,8504,Ahmad Bradshaw,BN,25.0
3,5,8951,Josh Morgan,BN,9.8
3,5,7108,Earnest Graham,BN,0.0
3,5,5448,Michael Vick,BN,1.04
3,5,6896,Josh Scobee,K,0.0
3,5,100010,Tennessee,DEF,3.0
3,6,6849,Matt Schaub,QB,26.58
3,6,8256,Calvin Johnson,WR,0.0
3,6,3664,Terrell Owens,WR,3.7
3,6,6762,Larry Fitzgerald,WR,20.5
3,6,5036,Thomas Jones,RB,27.7
3,6,8504,Ahmad Bradshaw,RB,8.8
3,6,6840,Chris Cooley,TE,8.2
3,6,7178,Ronnie Brown,BN,0.0
3,6,6591,Kevin Walter,BN,4.4
3,6,1025,Brett Favre,BN,20.12
3,6,8951,Josh Morgan,BN,0.0
3,6,7108,Earnest Graham,BN,0.7
3,6,5448,Michael Vick,BN,-0.4
3,6,6896,Josh Scobee,K,2.0
3,6,100010,Tennessee,DEF,-2.0
3,7,6849,Matt Schaub,QB,17.46
3,7,3664,Terrell Owens,WR,4.3
3,7,6762,Larry Fitzgerald,WR,11.3
3,7,6591,Kevin Walter,WR,4.4
3,7,5036,Thomas Jones,RB,16.9
3,7,7178,Ronnie Brown,RB,8.8
3,7,6840,Chris Cooley,TE,3.1
3,7,8256,Calvin Johnson,BN,0.0
3,7,8504,Ahmad Bradshaw,BN,1.2
3,7,1025,Brett Favre,BN,10.26
3,7,8951,Josh Morgan,BN,8.8
3,7,7108,Earnest Graham,BN,0.0
3,7,5448,Michael Vick,BN,1.1
3,7,549,John Carney,K,5.0
3,7,100002,Buffalo,DEF,14.0
3,8,6849,Matt Schaub,QB,11.02
3,8,3664,Terrell Owens,WR,13.3
3,8,6762,Larry Fitzgerald,WR,9.6
3,8,6591,Kevin Walter,WR,6.2
3,8,5036,Thomas Jones,RB,13.5
3,8,7178,Ronnie Brown,RB,3.4
3,8,7810,Tony Scheffler,TE,1.4
3,8,6840,Chris Cooley,BN,0.0
3,8,8256,Calvin Johnson,BN,0.0
3,8,8504,Ahmad Bradshaw,BN,6.1
3,8,1025,Brett Favre,BN,21.76
3,8,8951,Josh Morgan,BN,0.8
3,8,7108,Earnest Graham,BN,0.0
3,8,549,John Carney,K,0.0
3,8,100002,Buffalo,DEF,6.0
3,9,6849,Matt Schaub,QB,15.54
3,9,6762,Larry Fitzgerald,WR,24.8
3,9,6591,Kevin Walter,WR,9.2
3,9,8951,Josh Morgan,WR,3.0
3,9,7178,Ronnie Brown,RB,10.44
3,9,8504,Ahmad Bradshaw,RB,8.1
3,9,7810,Tony Scheffler,TE,0.8
3,9,3664,Terrell Owens,BN,0.0
3,9,5036,Thomas Jones,BN,0.0
3,9,6840,Chris Cooley,BN,0.0
3,9,8256,Calvin Johnson,BN,3.7
3,9,1025,Brett Favre,BN,0.0
3,9,7108,Earnest Graham,BN,0.0
3,9,549,John Carney,K,7.0
3,9,100002,Buffalo,DEF,0.0
3,10,6849,Matt Schaub,QB,0.0
3,10,6762,Larry Fitzgerald,WR,14.8
3,10,6591,Kevin Walter,WR,0.0
3,10,8951,Josh Morgan,WR,3.9
3,10,7178,Ronnie Brown,RB,12.8
3,10,8504,Ahmad Bradshaw,RB,0.0
3,10,7810,Tony Scheffler,TE,4.9
3,10,3664,Terrell Owens,BN,10.0
3,10,5036,Thomas Jones,BN,11.7
3,10,6840,Chris Cooley,BN,0.0
3,10,8256,Calvin Johnson,BN,12.4
3,10,1025,Brett Favre,BN,16.66
3,10,7108,Earnest Graham,BN,2.1
3,10,549,John Carney,K,0.0
3,10,100002,Buffalo,DEF,1.0
3,11,6849,Matt Schaub,QB,18.2
3,11,6762,Larry Fitzgerald,WR,16.7
3,11,6591,Kevin Walter,WR,6.6
3,11,8951,Josh Morgan,WR,1.8
3,11,8504,Ahmad Bradshaw,RB,3.4
3,11,5036,Thomas Jones,RB,10.3
3,11,7810,Tony Scheffler,TE,1.7
3,11,7178,Ronnie Brown,BN,0.0
3,11,3664,Terrell Owens,BN,28.2
3,11,6840,Chris Cooley,BN,0.0
3,11,8256,Calvin Johnson,BN,23.6
3,11,1025,Brett Favre,BN,20.52
3,11,7108,Earnest Graham,BN,6.2
3,11,549,John Carney,K,2.0
3,11,100002,Buffalo,DEF,7.0
3,12,6849,Matt Schaub,QB,13.96
3,12,6762,Larry Fitzgerald,WR,5.4
3,12,6591,Kevin Walter,WR,11.1
3,12,3664,Terrell Owens,WR,16.1
3,12,5036,Thomas Jones,RB,14.1
3,12,6359,Willis McGahee,RB,6.4
3,12,7810,Tony Scheffler,TE,7.3
3,12,8504,Ahmad Bradshaw,BN,0.0
3,12,8951,Josh Morgan,BN,7.3
3,12,6840,Chris Cooley,BN,0.0
3,12,8256,Calvin Johnson,BN,6.0
3,12,1025,Brett Favre,BN,24.68
3,12,7108,Earnest Graham,BN,2.0
3,12,549,John Carney,K,0.0
3,12,100002,Buffalo,DEF,10.0
4,1,8780,Matt Ryan,QB,14.76
4,1,4262,Randy Moss,WR,20.1
4,1,5652,T.J. Houshmandzadeh,WR,7.8
4,1,6772,Lee Evans,WR,4.0
4,1,8801,Chris Johnson,RB,7.3
4,1,8063,Fred Jackson,RB,20.5
4,1,6765,Kellen Winslow,TE,10.2
4,1,7794,LenDale White,BN,3.8
4,1,8266,Marshawn Lynch,BN,0.0
4,1,8263,Ted Ginn Jr.,BN,4.5
4,1,9293,Hakeem Nicks,BN,2.8
4,1,7866,Leon Washington,BN,10.4
4,1,6169,Shaun Hill,BN,9.36
4,1,8432,Nick Folk,K,6.0
4,1,100024,San Diego,DEF,8.0
4,2,8780,Matt Ryan,QB,17.1
4,2,4262,Randy Moss,WR,4.4
4,2,5652,T.J. Houshmandzadeh,WR,8.2
4,2,6772,Lee Evans,WR,7.7
4,2,8801,Chris Johnson,RB,44.9
4,2,8063,Fred Jackson,RB,19.8
4,2,6765,Kellen Winslow,TE,16.5
4,2,7794,LenDale White,BN,2.5
4,2,8266,Marshawn Lynch,BN,0.0
4,2,8263,Ted Ginn Jr.,BN,16.3
4,2,9293,Hakeem Nicks,BN,0.0
4,2,7866,Leon Washington,BN,6.6
4,2,6169,Shaun Hill,BN,7.46
4,2,3565,Joe Nedney,K,7.0
4,2,100024,San Diego,DEF,2.0
4,3,8780,Matt Ryan,QB,7.86
4,3,4262,Randy Moss,WR,16.6
4,3,6772,Lee Evans,WR,5.1
4,3,8263,Ted Ginn Jr.,WR,0.0
4,3,8801,Chris Johnson,RB,11.0
4,3,8063,Fred Jackson,RB,11.7
4,3,6765,Kellen Winslow,TE,2.9
4,3,5652,T.J. Houshmandzadeh,BN,3.5
4,3,7794,LenDale White,BN,6.7
4,3,8266,Marshawn Lynch,BN,0.0
4,3,9293,Hakeem Nicks,BN,0.0
4,3,7866,Leon Washington,BN,5.7
4,3,6169,Shaun Hill,BN,12.8
4,3,3565,Joe Nedney,K,2.0
4,3,100024,San Diego,DEF,9.0
4,4,6169,Shaun Hill,QB,11.88
4,4,4262,Randy Moss,WR,10.5
4,4,6772,Lee Evans,WR,7.0
4,4,5652,T.J. Houshmandzadeh,WR,14.3
4,4,8801,Chris Johnson,RB,10.9
4,4,8063,Fred Jackson,RB,8.3
4,4,6765,Kellen Winslow,TE,3.1
4,4,8780,Matt Ryan,BN,0.0
4,4,8263,Ted Ginn Jr.,BN,3.1
4,4,7794,LenDale White,BN,1.4
4,4,8266,Marshawn Lynch,BN,7.2
4,4,9293,Hakeem Nicks,BN,9.9
4,4,7866,Leon Washington,BN,6.1
4,4,3565,Joe Nedney,K,0.0
4,4,100024,San Diego,DEF,3.0
4,5,8780,Matt Ryan,QB,22.46
4,5,4262,Randy Moss,WR,4.1
4,5,6772,Lee Evans,WR,2.1
4,5,5652,T.J. Houshmandzadeh,WR,18.2
4,5,8801,Chris Johnson,RB,5.3
4,5,8063,Fred Jackson,RB,5.7
4,5,6765,Kellen Winslow,TE,22.7
4,5,6169,Shaun Hill,BN,12.22
4,5,8263,Ted Ginn Jr.,BN,10.7
4,5,7794,LenDale White,BN,5.1
4,5,8266,Marshawn Lynch,BN,15.5
4,5,9293,Hakeem Nicks,BN,10.9
4,5,7866,Leon Washington,BN,6.2
4,5,3565,Joe Nedney,K,2.0
4,5,100024,San Diego,DEF,0.0
4,6,8780,Matt Ryan,QB,12.2
4,6,4262,Randy Moss,WR,28.9
4,6,5652,T.J. Houshmandzadeh,WR,5.4
4,6,9293,Hakeem Nicks,WR,17.9
4,6,8801,Chris Johnson,RB,12.8
4,6,8063,Fred Jackson,RB,5.2
4,6,6765,Kellen Winslow,TE,4.4
4,6,6772,Lee Evans,BN,12.8
4,6,6169,Shaun Hill,BN,0.0
4,6,8263,Ted Ginn Jr.,BN,0.0
4,6,7794,LenDale White,BN,-0.5
4,6,8266,Marshawn Lynch,BN,8.2
4,6,7866,Leon Washington,BN,16.0
4,6,6824,Nate Kaeding,K,9.0
4,6,100029,Carolina,DEF,9.0
4,7,8780,Matt Ryan,QB,10.52
4,7,4262,Randy Moss,WR,9.4
4,7,9293,Hakeem Nicks,WR,14.0
4,7,8263,Ted Ginn Jr.,WR,3.1
4,7,8266,Marshawn Lynch,RB,9.2
4,7,7866,Leon Washington,RB,0.6
4,7,6765,Kellen Winslow,TE,1.9
4,7,6772,Lee Evans,BN,14.0
4,7,5652,T.J. Houshmandzadeh,BN,0.0
4,7,8801,Chris Johnson,BN,0.0
4,7,8063,Fred Jackson,BN,0.2
4,7,6169,Shaun Hill,BN,2.0
4,7,7794,LenDale White,BN,0.0
4,7,6824,Nate Kaeding,K,6.0
4,7,100003,Chicago,DEF,-4.0
4,8,8780,Matt Ryan,QB,12.46
4,8,9293,Hakeem Nicks,WR,7.3
4,8,6772,Lee Evans,WR,3.9
4,8,5652,T.J. Houshmandzadeh,WR,4.4
4,8,8266,Marshawn Lynch,RB,6.4
4,8,8801,Chris Johnson,RB,32.9
4,8,8285,Greg Olsen,TE,5.5
4,8,6765,Kellen Winslow,BN,0.0
4,8,4262,Randy Moss,BN,0.0
4,8,8263,Ted Ginn Jr.,BN,0.0
4,8,8063,Fred Jackson,BN,2.8
4,8,6169,Shaun Hill,BN,0.0
4,8,7794,LenDale White,BN,4.7
4,8,6824,Nate Kaeding,K,2.0
4,8,100003,Chicago,DEF,20.0
4,9,8780,Matt Ryan,QB,8.0
4,9,9293,Hakeem Nicks,WR,6.3
4,9,5652,T.J. Houshmandzadeh,WR,10.4
4,9,4262,Randy Moss,WR,23.7
4,9,8801,Chris Johnson,RB,25.5
4,9,8902,Tashard Choice,RB,6.6
4,9,6765,Kellen Winslow,TE,11.7
4,9,6772,Lee Evans,BN,0.0
4,9,8266,Marshawn Lynch,BN,0.0
4,9,8285,Greg Olsen,BN,21.6
4,9,8263,Ted Ginn Jr.,BN,1.2
4,9,8063,Fred Jackson,BN,0.0
4,9,9291,Donald Brown,BN,0.0
4,9,6824,Nate Kaeding,K,0.0
4,9,100003,Chicago,DEF,-1.0
4,10,8780,Matt Ryan,QB,10.36
4,10,5652,T.J. Houshmandzadeh,WR,21.0
4,10,4262,Randy Moss,WR,30.4
4,10,6772,Lee Evans,WR,15.0
4,10,8801,Chris Johnson,RB,35.7
4,10,8266,Marshawn Lynch,RB,7.5
4,10,6765,Kellen Winslow,TE,13.7
4,10,9293,Hakeem Nicks,BN,0.0
4,10,8902,Tashard Choice,BN,2.7
4,10,8285,Greg Olsen,BN,11.0
4,10,8063,Fred Jackson,BN,12.68
4,10,9291,Donald Brown,BN,2.7
4,10,5942,Ladell Betts,BN,16.5
4,10,6824,Nate Kaeding,K,2.0
4,10,100003,Chicago,DEF,8.0
4,11,8780,Matt Ryan,QB,16.12
4,11,5652,T.J. Houshmandzadeh,WR,5.6
4,11,4262,Randy Moss,WR,9.9
4,11,6772,Lee Evans,WR,2.0
4,11,8801,Chris Johnson,RB,15.1
4,11,5942,Ladell Betts,RB,0.5
4,11,6765,Kellen Winslow,TE,5.4
4,11,8266,Marshawn Lynch,BN,-0.2
4,11,9293,Hakeem Nicks,BN,9.0
4,11,8902,Tashard Choice,BN,0.1
4,11,8285,Greg Olsen,BN,7.2
4,11,8063,Fred Jackson,BN,7.5
4,11,9291,Donald Brown,BN,1.0
4,11,6824,Nate Kaeding,K,9.0
4,11,100022,Arizona,DEF,9.0
4,12,8780,Matt Ryan,QB,0.6
4,12,5652,T.J. Houshmandzadeh,WR,2.4
4,12,4262,Randy Moss,WR,0.0
4,12,9293,Hakeem Nicks,WR,8.6
4,12,8801,Chris Johnson,RB,24.1
4,12,8063,Fred Jackson,RB,22.1
4,12,8285,Greg Olsen,TE,8.0
4,12,6765,Kellen Winslow,BN,11.6
4,12,6772,Lee Evans,BN,5.0
4,12,8266,Marshawn Lynch,BN,2.0
4,12,8902,Tashard Choice,BN,6.7
4,12,7177,Alex Smith,BN,16.08
4,12,6824,Nate Kaeding,K,6.0
4,12,100001,Atlanta,DEF,4.0
4,12,100022,Arizona,BN,7.0
5,1,4256,Peyton Manning,QB,13.64
5,1,5483,Chad Ochocinco,WR,12.2
5,1,8819,Eddie Royal,WR,2.8
5,1,6390,Anquan Boldin,WR,2.9
5,1,7809,Maurice Jones-Drew,RB,18.8
5,1,8841,Kevin Smith,RB,14.7
5,1,8807,Dustin Keller,TE,11.4
5,1,8396,Steve Breaston,BN,0.0
5,1,9295,Beanie Wells,BN,2.9
5,1,5994,David Garrard,BN,6.28
5,1,6142,Chester Taylor,BN,5.5
5,1,9300,Brian Robiskie,BN,0.0
5,1,9329,Shonn Greene,BN,0.0
5,1,2495,Jason Elam,K,6.0
5,1,100020,New York,DEF,13.0
5,2,4256,Peyton Manning,QB,18.42
5,2,5483,Chad Ochocinco,WR,15.1
5,2,8819,Eddie Royal,WR,3.5
5,2,6390,Anquan Boldin,WR,11.3
5,2,7809,Maurice Jones-Drew,RB,10.3
5,2,8841,Kevin Smith,RB,8.3
5,2,8807,Dustin Keller,TE,7.7
5,2,8396,Steve Breaston,BN,10.8
5,2,9295,Beanie Wells,BN,2.4
5,2,5994,David Garrard,BN,16.98
5,2,6142,Chester Taylor,BN,4.3
5,2,9300,Brian Robiskie,BN,0.0
5,2,9329,Shonn Greene,BN,0.0
5,2,2495,Jason Elam,K,0.0
5,2,100020,New York,DEF,6.0
5,3,4256,Peyton Manning,QB,26.06
5,3,5483,Chad Ochocinco,WR,7.9
5,3,8819,Eddie Royal,WR,0.9
5,3,6390,Anquan Boldin,WR,15.3
5,3,7809,Maurice Jones-Drew,RB,28.7
5,3,8841,Kevin Smith,RB,13.4
5,3,8807,Dustin Keller,TE,3.4
5,3,8396,Steve Breaston,BN,12.9
5,3,9295,Beanie Wells,BN,-0.2
5,3,5994,David Garrard,BN,15.46
5,3,6142,Chester Taylor,BN,12.1
5,3,9329,Shonn Greene,BN,0.0
5,3,9404,Johnny Knox,BN,5.2
5,3,2495,Jason Elam,K,2.0
5,3,100020,New York,DEF,11.0
5,4,4256,Peyton Manning,QB,19.02
5,4,5483,Chad Ochocinco,WR,11.9
5,4,8819,Eddie Royal,WR,2.6
5,4,9404,Johnny Knox,WR,5.6
5,4,7809,Maurice Jones-Drew,RB,9.5
5,4,8841,Kevin Smith,RB,15.1
5,4,8807,Dustin Keller,TE,4.6
5,4,6390,Anquan Boldin,BN,0.0
5,4,8396,Steve Breaston,BN,0.0
5,4,9295,Beanie Wells,BN,0.0
5,4,5994,David Garrard,BN,23.72
5,4,6142,Chester Taylor,BN,5.8
5,4,5569,Correll Buckhalter,BN,11.7
5,4,2495,Jason Elam,K,0.0
5,4,100020,New York,DEF,6.0
5,5,4256,Peyton Manning,QB,20.36
5,5,5483,Chad Ochocinco,WR,10.9
5,5,6390,Anquan Boldin,WR,9.9
5,5,8396,Steve Breaston,WR,8.6
5,5,7809,Maurice Jones-Drew,RB,8.2
5,5,8841,Kevin Smith,RB,11.0
5,5,8807,Dustin Keller,TE,0.0
5,5,9404,Johnny Knox,BN,0.0
5,5,9295,Beanie Wells,BN,2.4
5,5,5994,David Garrard,BN,3.62
5,5,6142,Chester Taylor,BN,12.4
5,5,5569,Correll Buckhalter,BN,0.0
5,5,9294,Kenny Britt,BN,2.8
5,5,2495,Jason Elam,K,3.0
5,5,100020,New York,DEF,-1.0
5,6,5994,David Garrard,QB,14.5
5,6,5483,Chad Ochocinco,WR,12.8
5,6,6390,Anquan Boldin,WR,8.4
5,6,8396,Steve Breaston,WR,15.2
5,6,7809,Maurice Jones-Drew,RB,30.3
5,6,8841,Kevin Smith,RB,6.1
5,6,8807,Dustin Keller,TE,2.6
5,6,4256,Peyton Manning,BN,0.0
5,6,9404,Johnny Knox,BN,8.9
5,6,9295,Beanie Wells,BN,4.1
5,6,6142,Chester Taylor,BN,2.2
5,6,5569,Correll Buckhalter,BN,9.5
5,6,9294,Kenny Britt,BN,0.0
5,6,2495,Jason Elam,K,0.0
5,6,100020,New York,DEF,6.0
5,7,4256,Peyton Manning,QB,18.3
5,7,5483,Chad Ochocinco,WR,24.8
5,7,8396,Steve Breaston,WR,2.8
5,7,9404,Johnny Knox,WR,6.2
5,7,6142,Chester Taylor,RB,2.6
5,7,8354,Michael Bush,RB,3.6
5,7,8807,Dustin Keller,TE,3.1
5,7,6390,Anquan Boldin,BN,9.0
5,7,8841,Kevin Smith,BN,0.0
5,7,5994,David Garrard,BN,0.0
5,7,7809,Maurice Jones-Drew,BN,0.0
5,7,5569,Correll Buckhalter,BN,0.0
5,7,9294,Kenny Britt,BN,0.0
5,7,2495,Jason Elam,K,0.0
5,7,100020,New York,DEF,21.0
5,8,4256,Peyton Manning,QB,13.88
5,8,8396,Steve Breaston,WR,8.7
5,8,9404,Johnny Knox,WR,5.9
5,8,6390,Anquan Boldin,WR,3.8
5,8,8841,Kevin Smith,RB,11.4
5,8,7809,Maurice Jones-Drew,RB,25.8
5,8,8807,Dustin Keller,TE,15.6
5,8,5483,Chad Ochocinco,BN,0.0
5,8,6142,Chester Taylor,BN,3.7
5,8,8354,Michael Bush,BN,5.1
5,8,5994,David Garrard,BN,5.76
5,8,5569,Correll Buckhalter,BN,7.6
5,8,9294,Kenny Britt,BN,1.2
5,8,2495,Jason Elam,K,5.0
5,8,100020,New York,DEF,8.0
5,9,4256,Peyton Manning,QB,14.92
5,9,8396,Steve Breaston,WR,15.6
5,9,6390,Anquan Boldin,WR,0.0
5,9,5483,Chad Ochocinco,WR,7.1
5,9,8841,Kevin Smith,RB,8.6
5,9,7809,Maurice Jones-Drew,RB,18.9
5,9,6791,Benjamin Watson,TE,6.9
5,9,8807,Dustin Keller,BN,0.0
5,9,9404,Johnny Knox,BN,5.0
5,9,6142,Chester Taylor,BN,0.0
5,9,5994,David Garrard,BN,16.46
5,9,5569,Correll Buckhalter,BN,3.8
5,9,2495,Jason Elam,K,2.0
5,9,100001,Atlanta,DEF,8.0
5,9,100020,New York,BN,0.0
5,10,4256,Peyton Manning,QB,23.08
5,10,8396,Steve Breaston,WR,13.9
5,10,6390,Anquan Boldin,WR,14.5
5,10,5483,Chad Ochocinco,WR,3.9
5,10,8841,Kevin Smith,RB,6.0
5,10,7809,Maurice Jones-Drew,RB,19.5
5,10,8807,Dustin Keller,TE,9.5
5,10,6791,Benjamin Watson,BN,4.1
5,10,9404,Johnny Knox,BN,3.0
5,10,6142,Chester Taylor,BN,2.8
5,10,5994,David Garrard,BN,14.94
5,10,5569,Correll Buckhalter,BN,-0.9
5,10,8847,Earl Bennett,BN,4.2
5,10,2495,Jason Elam,K,4.0
5,10,100020,New York,DEF,4.0
5,11,4256,Peyton Manning,QB,12.86
5,11,8396,Steve Breaston,WR,0.0
5,11,6390,Anquan Boldin,WR,18.3
5,11,5483,Chad Ochocinco,WR,8.7
5,11,8841,Kevin Smith,RB,20.9
5,11,7809,Maurice Jones-Drew,RB,14.4
5,11,8807,Dustin Keller,TE,5.3
5,11,6791,Benjamin Watson,BN,0.0
5,11,9404,Johnny Knox,BN,2.6
5,11,6142,Chester Taylor,BN,9.5
5,11,5994,David Garrard,BN,12.2
5,11,5569,Correll Buckhalter,BN,9.6
5,11,8847,Earl Bennett,BN,8.2
5,11,2495,Jason Elam,K,2.0
5,11,100020,New York,DEF,6.0
5,12,4256,Peyton Manning,QB,16.56
5,12,8396,Steve Breaston,WR,4.6
5,12,6390,Anquan Boldin,WR,7.8
5,12,5483,Chad Ochocinco,WR,5.3
5,12,8841,Kevin Smith,RB,10.9
5,12,7809,Maurice Jones-Drew,RB,13.5
5,12,8807,Dustin Keller,TE,6.8
5,12,6791,Benjamin Watson,BN,0.0
5,12,9404,Johnny Knox,BN,4.9
5,12,6142,Chester Taylor,BN,15.4
5,12,5994,David Garrard,BN,9.28
5,12,5569,Correll Buckhalter,BN,6.1
5,12,8847,Earl Bennett,BN,2.9
5,12,2495,Jason Elam,K,5.0
5,12,100020,New York,DEF,18.0
6,1,4541,Kurt Warner,QB,12.12
6,1,7868,Brandon Marshall,WR,4.7
6,1,7237,Vincent Jackson,WR,12.1
6,1,4654,Torry Holt,WR,6.2
6,1,8821,Matt Forte,RB,5.5
6,1,5937,Clinton Portis,RB,7.7
6,1,6427,Visanthe Shiancoe,TE,4.1
6,1,8790,Jonathan Stewart,BN,7.7
6,1,5034,Jamal Lewis,BN,11.9
6,1,9274,Michael Crabtree,BN,0.0
6,1,7282,Kyle Orton,BN,13.02
6,1,6802,Julius Jones,BN,18.6
6,1,9283,Jeremy Maclin,BN,0.0
6,1,8447,Mason Crosby,K,6.0
6,1,100026,Seattle,DEF,15.0
6,2,4541,Kurt Warner,QB,15.62
6,2,7868,Brandon Marshall,WR,6.3
6,2,7237,Vincent Jackson,WR,21.1
6,2,4654,Torry Holt,WR,9.5
6,2,8821,Matt Forte,RB,8.7
6,2,5937,Clinton Portis,RB,9.8
6,2,6427,Visanthe Shiancoe,TE,4.6
6,2,8790,Jonathan Stewart,BN,9.4
6,2,5034,Jamal Lewis,BN,5.1
6,2,9274,Michael Crabtree,BN,0.0
6,2,7282,Kyle Orton,BN,13.52
6,2,6802,Julius Jones,BN,6.4
6,2,9283,Jeremy Maclin,BN,2.2
6,2,8447,Mason Crosby,K,3.0
6,2,100026,Seattle,DEF,4.0
6,3,4541,Kurt Warner,QB,14.28
6,3,7868,Brandon Marshall,WR,13.7
6,3,7237,Vincent Jackson,WR,14.5
6,3,4654,Torry Holt,WR,7.2
6,3,8821,Matt Forte,RB,13.6
6,3,5937,Clinton Portis,RB,5.3
6,3,6427,Visanthe Shiancoe,TE,3.2
6,3,8790,Jonathan Stewart,BN,2.6
6,3,5034,Jamal Lewis,BN,0.0
6,3,9274,Michael Crabtree,BN,0.0
6,3,7282,Kyle Orton,BN,9.18
6,3,6802,Julius Jones,BN,19.1
6,3,9283,Jeremy Maclin,BN,5.2
6,3,8447,Mason Crosby,K,7.0
6,3,100026,Seattle,DEF,6.0
6,4,7282,Kyle Orton,QB,15.72
6,4,7868,Brandon Marshall,WR,15.1
6,4,7237,Vincent Jackson,WR,7.6
6,4,8982,Pierre Garcon,WR,8.6
6,4,8821,Matt Forte,RB,19.0
6,4,5937,Clinton Portis,RB,9.8
6,4,6427,Visanthe Shiancoe,TE,7.3
6,4,4541,Kurt Warner,BN,0.0
6,4,4654,Torry Holt,BN,5.7
6,4,8790,Jonathan Stewart,BN,0.0
6,4,5034,Jamal Lewis,BN,0.0
6,4,6802,Julius Jones,BN,5.0
6,4,9283,Jeremy Maclin,BN,0.0
6,4,8447,Mason Crosby,K,2.0
6,4,100026,Seattle,DEF,1.0
6,5,4541,Kurt Warner,QB,18.08
6,5,7868,Brandon Marshall,WR,19.0
6,5,8982,Pierre Garcon,WR,1.4
6,5,4654,Torry Holt,WR,13.0
6,5,5937,Clinton Portis,RB,16.4
6,5,6802,Julius Jones,RB,4.1
6,5,6427,Visanthe Shiancoe,TE,10.9
6,5,8790,Jonathan Stewart,BN,9.0
6,5,7282,Kyle Orton,BN,18.2
6,5,7237,Vincent Jackson,BN,0.0
6,5,8821,Matt Forte,BN,0.0
6,5,5034,Jamal Lewis,BN,11.7
6,5,9274,Michael Crabtree,BN,0.0
6,5,8432,Nick Folk,K,4.0
6,5,100025,San Francisco,DEF,0.0
6,6,4541,Kurt Warner,QB,14.04
6,6,7868,Brandon Marshall,WR,7.4
6,6,4654,Torry Holt,WR,12.6
6,6,7237,Vincent Jackson,WR,10.6
6,6,5937,Clinton Portis,RB,11.9
6,6,8821,Matt Forte,RB,6.5
6,6,6427,Visanthe Shiancoe,TE,14.8
6,6,8982,Pierre Garcon,BN,0.0
6,6,6802,Julius Jones,BN,0.5
6,6,8790,Jonathan Stewart,BN,13.0
6,6,7282,Kyle Orton,BN,16.26
6,6,5034,Jamal Lewis,BN,4.6
6,6,9274,Michael Crabtree,BN,0.0
6,6,2034,Jason Hanson,K,0.0
6,6,100007,Denver,DEF,7.0
6,7,4541,Kurt Warner,QB,10.94
6,7,7237,Vincent Jackson,WR,20.7
6,7,8982,Pierre Garcon,WR,3.9
6,7,9274,Michael Crabtree,WR,8.1
6,7,8821,Matt Forte,RB,6.9
6,7,8790,Jonathan Stewart,RB,6.5
6,7,6427,Visanthe Shiancoe,TE,4.7
6,7,5937,Clinton Portis,BN,4.3
6,7,7868,Brandon Marshall,BN,0.0
6,7,4654,Torry Holt,BN,0.0
6,7,7282,Kyle Orton,BN,0.0
6,7,5034,Jamal Lewis,BN,4.7
6,7,8447,Mason Crosby,K,2.0
6,7,100024,San Diego,DEF,16.0
6,7,100007,Denver,BN,0.0
6,8,4541,Kurt Warner,QB,9.48
6,8,7237,Vincent Jackson,WR,18.3
6,8,9274,Michael Crabtree,WR,9.1
6,8,7868,Brandon Marshall,WR,4.4
6,8,8821,Matt Forte,RB,21.1
6,8,9295,Beanie Wells,RB,4.7
6,8,6427,Visanthe Shiancoe,TE,5.7
6,8,8790,Jonathan Stewart,BN,16.7
6,8,8982,Pierre Garcon,BN,7.3
6,8,5937,Clinton Portis,BN,0.0
6,8,4654,Torry Holt,BN,2.7
6,8,7282,Kyle Orton,BN,7.18
6,8,5034,Jamal Lewis,BN,6.9
6,8,8447,Mason Crosby,K,4.0
6,8,100007,Denver,DEF,1.0
6,9,4541,Kurt Warner,QB,25.74
6,9,7237,Vincent Jackson,WR,15.9
6,9,9274,Michael Crabtree,WR,4.5
6,9,7868,Brandon Marshall,WR,16.7
6,9,8821,Matt Forte,RB,13.7
6,9,5937,Clinton Portis,RB,0.4
6,9,8825,Fred Davis,TE,3.6
6,9,8790,Jonathan Stewart,BN,2.3
6,9,6427,Visanthe Shiancoe,BN,0.0
6,9,9295,Beanie Wells,BN,7.2
6,9,4654,Torry Holt,BN,3.7
6,9,7282,Kyle Orton,BN,5.84
6,9,5034,Jamal Lewis,BN,0.0
6,9,8447,Mason Crosby,K,0.0
6,9,100007,Denver,DEF,7.0
6,10,4541,Kurt Warner,QB,19.6
6,10,7237,Vincent Jackson,WR,1.5
6,10,9274,Michael Crabtree,WR,6.8
6,10,7868,Brandon Marshall,WR,24.8
6,10,8821,Matt Forte,RB,20.1
6,10,9295,Beanie Wells,RB,20.7
6,10,6427,Visanthe Shiancoe,TE,5.8
6,10,5937,Clinton Portis,BN,0.0
6,10,8790,Jonathan Stewart,BN,16.2
6,10,4654,Torry Holt,BN,3.4
6,10,7282,Kyle Orton,BN,14.02
6,10,8850,Jamaal Charles,BN,17.7
6,10,8781,Darren McFadden,BN,1.1
6,10,8447,Mason Crosby,K,3.0
6,10,100007,Denver,DEF,3.0
6,11,4541,Kurt Warner,QB,12.12
6,11,7237,Vincent Jackson,WR,7.6
6,11,9274,Michael Crabtree,WR,13.7
6,11,7868,Brandon Marshall,WR,4.1
6,11,8821,Matt Forte,RB,9.4
6,11,9295,Beanie Wells,RB,13.5
6,11,6427,Visanthe Shiancoe,TE,15.8
6,11,5937,Clinton Portis,BN,0.0
6,11,8790,Jonathan Stewart,BN,4.3
6,11,4654,Torry Holt,BN,4.6
6,11,7282,Kyle Orton,BN,5.84
6,11,8850,Jamaal Charles,BN,11.6
6,11,8781,Darren McFadden,BN,5.0
6,11,8447,Mason Crosby,K,6.0
6,11,100004,Cincinnati,DEF,7.0
6,12,7752,Vince Young,QB,19.28
6,12,7237,Vincent Jackson,WR,4.9
6,12,9274,Michael Crabtree,WR,7.4
6,12,7868,Brandon Marshall,WR,11.6
6,12,8821,Matt Forte,RB,8.1
6,12,9295,Beanie Wells,RB,4.6
6,12,6427,Visanthe Shiancoe,TE,11.6
6,12,4541,Kurt Warner,BN,0.0
6,12,8790,Jonathan Stewart,BN,3.5
6,12,4654,Torry Holt,BN,7.0
6,12,7282,Kyle Orton,BN,11.7
6,12,8850,Jamaal Charles,BN,18.2
6,12,8781,Darren McFadden,BN,8.6
6,12,8447,Mason Crosby,K,4.0
6,12,100004,Cincinnati,DEF,5.0
7,1,5228,Tom Brady,QB,21.02
7,1,8001,Marques Colston,WR,8.5
7,1,6867,Jerricho Cotchery,WR,12.0
7,1,5499,Chris Chambers,WR,0.0
7,1,5452,LaDainian Tomlinson,RB,8.1
7,1,6994,Derrick Ward,RB,13.3
7,1,3950,Tony Gonzalez,TE,13.8
7,1,7879,Domenik Hixon,BN,1.5
7,1,8832,Ray Rice,BN,13.0
7,1,8346,Trent Edwards,BN,16.98
7,1,7355,Bo Scaife,BN,5.3
7,1,6479,Justin Gage,BN,15.3
7,1,4587,David Akers,K,3.0
7,1,100006,Dallas,DEF,2.0
7,1,100015,Miami,BN,3.0
7,2,5228,Tom Brady,QB,7.84
7,2,8001,Marques Colston,WR,21.8
7,2,6867,Jerricho Cotchery,WR,10.7
7,2,6479,Justin Gage,WR,3.7
7,2,6994,Derrick Ward,RB,4.2
7,2,8832,Ray Rice,RB,10.7
7,2,3950,Tony Gonzalez,TE,14.6
7,2,5452,LaDainian Tomlinson,BN,0.0
7,2,5499,Chris Chambers,BN,4.0
7,2,7879,Domenik Hixon,BN,1.8
7,2,8346,Trent Edwards,BN,16.6
7,2,7355,Bo Scaife,BN,0.0
7,2,4587,David Akers,K,4.0
7,2,100028,Washington,DEF,7.0
7,2,100006,Dallas,BN,0.0
7,3,5228,Tom Brady,QB,14.08
7,3,8001,Marques Colston,WR,8.7
7,3,6867,Jerricho Cotchery,WR,18.8
7,3,6479,Justin Gage,WR,5.7
7,3,6994,Derrick Ward,RB,1.9
7,3,8832,Ray Rice,RB,13.5
7,3,3950,Tony Gonzalez,TE,2.1
7,3,5452,LaDainian Tomlinson,BN,0.0
7,3,5499,Chris Chambers,BN,0.0
7,3,7879,Domenik Hixon,BN,0.0
7,3,8346,Trent Edwards,BN,6.54
7,3,7355,Bo Scaife,BN,0.0
7,3,4587,David Akers,K,4.0
7,3,100028,Washington,DEF,3.0
7,3,100006,Dallas,BN,13.0
7,4,5228,Tom Brady,QB,16.42
7,4,8001,Marques Colston,WR,4.3
7,4,6867,Jerricho Cotchery,WR,9.6
7,4,6479,Justin Gage,WR,2.0
7,4,8832,Ray Rice,RB,17.7
7,4,5452,LaDainian Tomlinson,RB,1.9
7,4,5478,Todd Heap,TE,6.6
7,4,6994,Derrick Ward,BN,0.0
7,4,3950,Tony Gonzalez,BN,0.0
7,4,7879,Domenik Hixon,BN,0.0
7,4,8346,Trent Edwards,BN,7.68
7,4,2914,Isaac Bruce,BN,3.5
7,4,8565,Matt Prater,K,2.0
7,4,4587,David Akers,BN,0.0
7,4,100006,Dallas,DEF,6.0
7,5,5228,Tom Brady,QB,12.5
7,5,6867,Jerricho Cotchery,WR,0.9
7,5,6479,Justin Gage,WR,1.2
7,5,2914,Isaac Bruce,WR,0.0
7,5,8832,Ray Rice,RB,21.8
7,5,7181,Carnell Williams,RB,3.1
7,5,3950,Tony Gonzalez,TE,8.5
7,5,5452,LaDainian Tomlinson,BN,0.0
7,5,8001,Marques Colston,BN,0.0
7,5,5478,Todd Heap,BN,7.6
7,5,7879,Domenik Hixon,BN,0.0
7,5,8346,Trent Edwards,BN,9.08
7,5,9030,Davone Bess,BN,3.3
7,5,4587,David Akers,K,3.0
7,5,100006,Dallas,DEF,7.0
7,6,5228,Tom Brady,QB,33.2
7,6,6479,Justin Gage,WR,0.0
7,6,8001,Marques Colston,WR,24.6
7,6,9314,Mohamed Massaquoi,WR,10.8
7,6,8832,Ray Rice,RB,32.4
7,6,5452,LaDainian Tomlinson,RB,11.5
7,6,3950,Tony Gonzalez,TE,11.2
7,6,6867,Jerricho Cotchery,BN,0.0
7,6,7181,Carnell Williams,BN,11.7
7,6,5478,Todd Heap,BN,6.6
7,6,7879,Domenik Hixon,BN,3.7
7,6,8346,Trent Edwards,BN,1.72
7,6,4587,David Akers,K,9.0
7,6,100018,New Orleans,DEF,6.0
7,6,100006,Dallas,BN,0.0
7,7,5228,Tom Brady,QB,19.82
7,7,8001,Marques Colston,WR,13.7
7,7,9314,Mohamed Massaquoi,WR,2.7
7,7,8874,Andre Caldwell,WR,2.9
7,7,5452,LaDainian Tomlinson,RB,8.3
7,7,7181,Carnell Williams,RB,6.7
7,7,3950,Tony Gonzalez,TE,5.7
7,7,6867,Jerricho Cotchery,BN,0.0
7,7,8832,Ray Rice,BN,0.0
7,7,5478,Todd Heap,BN,0.0
7,7,7879,Domenik Hixon,BN,1.1
7,7,8346,Trent Edwards,BN,0.0
7,7,5197,Marc Bulger,BN,3.6
7,7,4587,David Akers,K,6.0
7,7,100018,New Orleans,DEF,7.0
7,8,5197,Marc Bulger,QB,6.14
7,8,8001,Marques Colston,WR,15.5
7,8,9314,Mohamed Massaquoi,WR,1.8
7,8,6867,Jerricho Cotchery,WR,8.6
7,8,5452,LaDainian Tomlinson,RB,13.6
7,8,8832,Ray Rice,RB,17.3
7,8,3950,Tony Gonzalez,TE,11.9
7,8,5228,Tom Brady,BN,0.0
7,8,8874,Andre Caldwell,BN,0.0
7,8,7181,Carnell Williams,BN,0.0
7,8,5478,Todd Heap,BN,3.3
7,8,7879,Domenik Hixon,BN,-1.2
7,8,7177,Alex Smith,BN,10.92
7,8,4587,David Akers,K,4.0
7,8,100018,New Orleans,DEF,9.0
7,9,5228,Tom Brady,QB,17.78
7,9,8001,Marques Colston,WR,5.0
7,9,8874,Andre Caldwell,WR,7.0
7,9,7149,Malcom Floyd,WR,3.9
7,9,5452,LaDainian Tomlinson,RB,4.0
7,9,8832,Ray Rice,RB,21.5
7,9,3950,Tony Gonzalez,TE,10.6
7,9,7879,Domenik Hixon,BN,1.3
7,9,9314,Mohamed Massaquoi,BN,0.0
7,9,6867,Jerricho Cotchery,BN,0.0
7,9,7181,Carnell Williams,BN,5.6
7,9,5478,Todd Heap,BN,4.3
7,9,7177,Alex Smith,BN,13.54
7,9,4587,David Akers,K,10.0
7,9,100018,New Orleans,DEF,9.0
7,10,5228,Tom Brady,QB,23.3
7,10,8001,Marques Colston,WR,1.3
7,10,6867,Jerricho Cotchery,WR,13.8
7,10,5107,Laveranues Coles,WR,9.2
7,10,5452,LaDainian Tomlinson,RB,17.6
7,10,8832,Ray Rice,RB,15.9
7,10,3950,Tony Gonzalez,TE,9.7
7,10,8874,Andre Caldwell,BN,4.3
7,10,7149,Malcom Floyd,BN,6.0
7,10,7181,Carnell Williams,BN,9.2
7,10,5478,Todd Heap,BN,6.3
7,10,5499,Chris Chambers,BN,7.5
7,10,7201,Jason Campbell,BN,12.22
7,10,4587,David Akers,K,6.0
7,10,100018,New Orleans,DEF,4.0
7,11,5228,Tom Brady,QB,16.3
7,11,8001,Marques Colston,WR,9.9
7,11,6867,Jerricho Cotchery,WR,13.9
7,11,5107,Laveranues Coles,WR,7.1
7,11,5452,LaDainian Tomlinson,RB,11.3
7,11,8832,Ray Rice,RB,17.0
7,11,3950,Tony Gonzalez,TE,16.2
7,11,8874,Andre Caldwell,BN,4.1
7,11,7149,Malcom Floyd,BN,5.8
7,11,7181,Carnell Williams,BN,4.1
7,11,5478,Todd Heap,BN,2.5
7,11,5499,Chris Chambers,BN,13.9
7,11,7201,Jason Campbell,BN,9.24
7,11,4587,David Akers,K,2.0
7,11,100018,New Orleans,DEF,15.0
7,12,5228,Tom Brady,QB,0.0
7,12,8001,Marques Colston,WR,0.0
7,12,6867,Jerricho Cotchery,WR,1.7
7,12,8874,Andre Caldwell,WR,4.8
7,12,5452,LaDainian Tomlinson,RB,10.9
7,12,8832,Ray Rice,RB,14.6
7,12,3950,Tony Gonzalez,TE,12.8
7,12,5107,Laveranues Coles,BN,3.4
7,12,7181,Carnell Williams,BN,8.3
7,12,5478,Todd Heap,BN,0.0
7,12,5499,Chris Chambers,BN,14.5
7,12,7201,Jason Campbell,BN,17.44
7,12,4587,David Akers,K,9.0
7,12,100006,Dallas,DEF,9.0
7,12,100018,New Orleans,BN,0.0
8,1,7200,Aaron Rodgers,QB,13.06
8,1,5477,Reggie Wayne,WR,25.2
8,1,5463,Santana Moss,WR,1.6
8,1,8810,Donnie Avery,WR,6.4
8,1,6913,Michael Turner,RB,6.5
8,1,7073,Willie Parker,RB,2.9
8,1,8815,John Carlson,TE,20.5
8,1,8561,Pierre Thomas,BN,0.0
8,1,8799,Felix Jones,BN,2.2
8,1,7406,Matt Cassel,BN,0.0
8,1,8847,Earl Bennett,BN,10.1
8,1,7492,Nate Washington,BN,1.3
8,1,7306,Darren Sproles,BN,13.1
8,1,5447,Jay Feely,K,2.0
8,1,100017,New England,DEF,7.0
8,2,7200,Aaron Rodgers,QB,17.74
8,2,5477,Reggie Wayne,WR,5.2
8,2,8810,Donnie Avery,WR,-1.1
8,2,8847,Earl Bennett,WR,3.2
8,2,6913,Michael Turner,RB,13.5
8,2,8561,Pierre Thomas,RB,0.1
8,2,8815,John Carlson,TE,7.6
8,2,5463,Santana Moss,BN,3.0
8,2,7073,Willie Parker,BN,5.5
8,2,8799,Felix Jones,BN,11.6
8,2,7406,Matt Cassel,BN,14.04
8,2,7492,Nate Washington,BN,11.0
8,2,7306,Darren Sproles,BN,22.5
8,2,5447,Jay Feely,K,6.0
8,2,100017,New England,DEF,5.0
8,3,7200,Aaron Rodgers,QB,24.56
8,3,5477,Reggie Wayne,WR,20.1
8,3,5463,Santana Moss,WR,26.8
8,3,8810,Donnie Avery,WR,2.7
8,3,6913,Michael Turner,RB,7.6
8,3,7306,Darren Sproles,RB,6.5
8,3,8815,John Carlson,TE,4.3
8,3,7492,Nate Washington,BN,7.5
8,3,8847,Earl Bennett,BN,12.0
8,3,8561,Pierre Thomas,BN,20.6
8,3,7073,Willie Parker,BN,17.9
8,3,8799,Felix Jones,BN,11.9
8,3,7406,Matt Cassel,BN,9.5
8,3,5447,Jay Feely,K,2.0
8,3,100017,New England,DEF,6.0
8,4,7200,Aaron Rodgers,QB,19.96
8,4,5477,Reggie Wayne,WR,14.4
8,4,5463,Santana Moss,WR,12.4
8,4,7492,Nate Washington,WR,14.1
8,4,8561,Pierre Thomas,RB,19.2
8,4,9338,Glen Coffee,RB,12.6
8,4,8815,John Carlson,TE,6.4
8,4,8810,Donnie Avery,BN,6.2
8,4,7306,Darren Sproles,BN,2.1
8,4,6913,Michael Turner,BN,0.0
8,4,7073,Willie Parker,BN,0.0
8,4,8799,Felix Jones,BN,0.0
8,4,7406,Matt Cassel,BN,13.58
8,4,5447,Jay Feely,K,2.0
8,4,100017,New England,DEF,7.0
8,5,7406,Matt Cassel,QB,18.92
8,5,5477,Reggie Wayne,WR,13.0
8,5,5463,Santana Moss,WR,6.4
8,5,7492,Nate Washington,WR,5.2
8,5,9338,Glen Coffee,RB,12.6
8,5,6913,Michael Turner,RB,21.7
8,5,8815,John Carlson,TE,4.1
8,5,7200,Aaron Rodgers,BN,0.0
8,5,8561,Pierre Thomas,BN,0.0
8,5,8810,Donnie Avery,BN,15.2
8,5,7306,Darren Sproles,BN,0.0
8,5,7073,Willie Parker,BN,0.0
8,5,8799,Felix Jones,BN,0.0
8,5,5447,Jay Feely,K,6.0
8,5,100017,New England,DEF,7.0
8,6,7200,Aaron Rodgers,QB,18.22
8,6,5463,Santana Moss,WR,4.7
8,6,7492,Nate Washington,WR,-1.7
8,6,8810,Donnie Avery,WR,6.2
8,6,6913,Michael Turner,RB,9.6
8,6,8561,Pierre Thomas,RB,7.2
8,6,8815,John Carlson,TE,6.5
8,6,7406,Matt Cassel,BN,9.04
8,6,5477,Reggie Wayne,BN,0.0
8,6,7306,Darren Sproles,BN,0.9
8,6,7073,Willie Parker,BN,2.0
8,6,8799,Felix Jones,BN,0.0
8,6,8819,Eddie Royal,BN,0.0
8,6,5447,Jay Feely,K,5.0
8,6,100017,New England,DEF,20.0
8,7,7200,Aaron Rodgers,QB,21.14
8,7,5463,Santana Moss,WR,10.4
8,7,8810,Donnie Avery,WR,6.8
8,7,5477,Reggie Wayne,WR,15.8
8,7,6913,Michael Turner,RB,9.0
8,7,8561,Pierre Thomas,RB,4.9
8,7,8868,Jermichael Finley,TE,2.1
8,7,8815,John Carlson,BN,0.0
8,7,7406,Matt Cassel,BN,6.28
8,7,7306,Darren Sproles,BN,15.4
8,7,7073,Willie Parker,BN,0.2
8,7,8799,Felix Jones,BN,3.3
8,7,8819,Eddie Royal,BN,0.0
8,7,5447,Jay Feely,K,2.0
8,7,100017,New England,DEF,13.0
8,8,7200,Aaron Rodgers,QB,25.68
8,8,8810,Donnie Avery,WR,2.0
8,8,5477,Reggie Wayne,WR,24.7
8,8,8819,Eddie Royal,WR,2.0
8,8,6913,Michael Turner,RB,19.1
8,8,8561,Pierre Thomas,RB,17.0
8,8,8815,John Carlson,TE,5.1
8,8,5463,Santana Moss,BN,0.0
8,8,7406,Matt Cassel,BN,0.0
8,8,7306,Darren Sproles,BN,3.1
8,8,7073,Willie Parker,BN,0.0
8,8,8799,Felix Jones,BN,7.4
8,8,5447,Jay Feely,K,6.0
8,8,100022,Arizona,DEF,0.0
8,8,100017,New England,BN,0.0
8,9,7200,Aaron Rodgers,QB,20.24
8,9,5477,Reggie Wayne,WR,9.4
8,9,8819,Eddie Royal,WR,9.9
8,9,5463,Santana Moss,WR,7.8
8,9,6913,Michael Turner,RB,27.0
8,9,8561,Pierre Thomas,RB,14.6
8,9,8815,John Carlson,TE,7.2
8,9,8810,Donnie Avery,BN,0.0
8,9,7406,Matt Cassel,BN,18.78
8,9,7306,Darren Sproles,BN,4.8
8,9,7073,Willie Parker,BN,0.0
8,9,8799,Felix Jones,BN,1.0
8,9,7520,Robbie Gould,K,0.0
8,9,5447,Jay Feely,BN,0.0
8,9,100017,New England,DEF,3.0
8,10,7200,Aaron Rodgers,QB,16.06
8,10,5477,Reggie Wayne,WR,25.6
8,10,8819,Eddie Royal,WR,3.1
8,10,8281,Robert Meachem,WR,11.3
8,10,6913,Michael Turner,RB,11.1
8,10,8561,Pierre Thomas,RB,4.7
8,10,8815,John Carlson,TE,7.6
8,10,5463,Santana Moss,BN,1.8
8,10,8810,Donnie Avery,BN,16.7
8,10,7406,Matt Cassel,BN,5.34
8,10,7306,Darren Sproles,BN,6.5
8,10,7073,Willie Parker,BN,0.7
8,10,8799,Felix Jones,BN,0.6
8,10,5447,Jay Feely,K,7.0
8,10,100017,New England,DEF,1.0
8,11,7200,Aaron Rodgers,QB,21.06
8,11,5477,Reggie Wayne,WR,12.4
8,11,5463,Santana Moss,WR,6.3
8,11,8810,Donnie Avery,WR,8.9
8,11,8561,Pierre Thomas,RB,11.8
8,11,7306,Darren Sproles,RB,3.8
8,11,8815,John Carlson,TE,0.0
8,11,6913,Michael Turner,BN,0.0
8,11,8819,Eddie Royal,BN,4.9
8,11,8281,Robert Meachem,BN,10.0
8,11,7406,Matt Cassel,BN,13.82
8,11,8799,Felix Jones,BN,6.1
8,11,8354,Michael Bush,BN,0.7
8,11,5447,Jay Feely,K,0.0
8,11,100017,New England,DEF,13.0
8,12,7200,Aaron Rodgers,QB,21.42
8,12,5477,Reggie Wayne,WR,7.4
8,12,5463,Santana Moss,WR,8.8
8,12,8810,Donnie Avery,WR,10.8
8,12,8561,Pierre Thomas,RB,0.0
8,12,6119,Rock Cartwright,RB,7.9
8,12,8815,John Carlson,TE,2.4
8,12,7306,Darren Sproles,BN,10.8
8,12,6913,Michael Turner,BN,3.3
8,12,8819,Eddie Royal,BN,0.0
8,12,8281,Robert Meachem,BN,0.0
8,12,7406,Matt Cassel,BN,9.32
8,12,8354,Michael Bush,BN,0.8
8,12,5447,Jay Feely,K,3.0
8,12,100017,New England,DEF,0.0
9,1,5479,Drew Brees,QB,31.32
9,1,7179,Braylon Edwards,WR,1.7
9,1,5107,Laveranues Coles,WR,1.6
9,1,4323,Hines Ward,WR,12.3
9,1,5977,Brian Westbrook,RB,12.7
9,1,8781,Darren McFadden,RB,8.3
9,1,6663,Antonio Gates,TE,10.8
9,1,7198,Mark Clayton,BN,15.1
9,1,6359,Willis McGahee,BN,17.5
9,1,8868,Jermichael Finley,BN,1.1
9,1,9317,LeSean McCoy,BN,5.2
9,1,7183,Troy Williamson,BN,1.5
9,1,8795,Joe Flacco,BN,22.08
9,1,4878,Kris Brown,K,0.0
9,1,100019,New York,DEF,8.0
9,2,5479,Drew Brees,QB,20.34
9,2,7179,Braylon Edwards,WR,12.2
9,2,4323,Hines Ward,WR,8.7
9,2,7198,Mark Clayton,WR,2.5
9,2,5977,Brian Westbrook,RB,8.1
9,2,8781,Darren McFadden,RB,10.5
9,2,6663,Antonio Gates,TE,10.3
9,2,5107,Laveranues Coles,BN,6.1
9,2,6359,Willis McGahee,BN,17.9
9,2,9317,LeSean McCoy,BN,7.5
9,2,7183,Troy Williamson,BN,1.4
9,2,8795,Joe Flacco,BN,12.9
9,2,8329,Laurent Robinson,BN,12.4
9,2,4878,Kris Brown,K,4.0
9,2,100019,New York,DEF,7.0
9,3,5479,Drew Brees,QB,5.68
9,3,7179,Braylon Edwards,WR,5.0
9,3,4323,Hines Ward,WR,10.2
9,3,7198,Mark Clayton,WR,6.5
9,3,8781,Darren McFadden,RB,3.8
9,3,9317,LeSean McCoy,RB,13.8
9,3,6663,Antonio Gates,TE,8.9
9,3,6359,Willis McGahee,BN,12.7
9,3,5977,Brian Westbrook,BN,0.0
9,3,5107,Laveranues Coles,BN,5.9
9,3,8795,Joe Flacco,BN,17.18
9,3,8329,Laurent Robinson,BN,3.6
9,3,7206,Heath Miller,BN,4.5
9,3,4878,Kris Brown,K,2.0
9,3,100019,New York,DEF,12.0
9,4,5479,Drew Brees,QB,8.1
9,4,7179,Braylon Edwards,WR,0.0
9,4,4323,Hines Ward,WR,15.3
9,4,7198,Mark Clayton,WR,7.0
9,4,8781,Darren McFadden,RB,0.8
9,4,6359,Willis McGahee,RB,6.9
9,4,6663,Antonio Gates,TE,24.9
9,4,9317,LeSean McCoy,BN,0.0
9,4,5977,Brian Westbrook,BN,0.0
9,4,5107,Laveranues Coles,BN,3.4
9,4,8795,Joe Flacco,BN,15.76
9,4,7206,Heath Miller,BN,19.0
9,4,4259,Fred Taylor,BN,4.3
9,4,4878,Kris Brown,K,4.0
9,4,100019,New York,DEF,8.0
9,5,8795,Joe Flacco,QB,9.34
9,5,7179,Braylon Edwards,WR,12.9
9,5,4323,Hines Ward,WR,16.0
9,5,7198,Mark Clayton,WR,5.1
9,5,6359,Willis McGahee,RB,0.7
9,5,5977,Brian Westbrook,RB,8.5
9,5,7206,Heath Miller,TE,11.9
9,5,5479,Drew Brees,BN,0.0
9,5,8781,Darren McFadden,BN,0.0
9,5,6663,Antonio Gates,BN,0.0
9,5,9317,LeSean McCoy,BN,3.9
9,5,7770,Laurence Maroney,BN,2.1
9,5,6809,Devery Henderson,BN,0.0
9,5,4878,Kris Brown,K,0.0
9,5,100019,New York,DEF,16.0
9,6,5479,Drew Brees,QB,27.36
9,6,7179,Braylon Edwards,WR,5.5
9,6,4323,Hines Ward,WR,23.9
9,6,6809,Devery Henderson,WR,1.1
9,6,5977,Brian Westbrook,RB,18.6
9,6,5185,Sammy Morris,RB,0.8
9,6,6663,Antonio Gates,TE,9.5
9,6,8795,Joe Flacco,BN,21.4
9,6,7198,Mark Clayton,BN,11.2
9,6,6359,Willis McGahee,BN,0.3
9,6,8781,Darren McFadden,BN,0.0
9,6,9317,LeSean McCoy,BN,1.3
9,6,9283,Jeremy Maclin,BN,1.1
9,6,4878,Kris Brown,K,0.0
9,6,100019,New York,DEF,-2.0
9,7,5479,Drew Brees,QB,18.22
9,7,7179,Braylon Edwards,WR,1.9
9,7,4323,Hines Ward,WR,0.8
9,7,6809,Devery Henderson,WR,10.4
9,7,5977,Brian Westbrook,RB,1.3
9,7,6663,Antonio Gates,TE,8.0
9,7,8795,Joe Flacco,BN,0.0
9,7,7198,Mark Clayton,BN,0.0
9,7,6359,Willis McGahee,BN,0.0
9,7,8781,Darren McFadden,BN,0.0
9,7,9317,LeSean McCoy,BN,9.2
9,7,9283,Jeremy Maclin,BN,7.8
9,7,7770,Laurence Maroney,BN,8.3
9,7,4878,Kris Brown,K,4.0
9,7,100019,New York,DEF,6.0
9,8,5479,Drew Brees,QB,15.62
9,8,7179,Braylon Edwards,WR,13.4
9,8,6809,Devery Henderson,WR,6.6
9,8,9283,Jeremy Maclin,WR,10.7
9,8,9317,LeSean McCoy,RB,14.2
9,8,9329,Shonn Greene,RB,-0.2
9,8,6663,Antonio Gates,TE,6.4
9,8,4323,Hines Ward,BN,0.0
9,8,5977,Brian Westbrook,BN,0.0
9,8,8795,Joe Flacco,BN,10.5
9,8,7770,Laurence Maroney,BN,0.0
9,8,8286,Anthony Gonzalez,BN,0.0
9,8,8565,Matt Prater,K,0.0
9,8,100033,Baltimore,DEF,8.0
9,8,100019,New York,BN,4.0
9,9,5479,Drew Brees,QB,13.6
9,9,6809,Devery Henderson,WR,10.5
9,9,9283,Jeremy Maclin,WR,5.9
9,9,4323,Hines Ward,WR,15.9
9,9,9317,LeSean McCoy,RB,14.0
9,9,7770,Laurence Maroney,RB,12.2
9,9,6663,Antonio Gates,TE,9.2
9,9,7179,Braylon Edwards,BN,0.0
9,9,9329,Shonn Greene,BN,0.0
9,9,5977,Brian Westbrook,BN,0.0
9,9,8795,Joe Flacco,BN,6.1
9,9,8286,Anthony Gonzalez,BN,0.0
9,9,8565,Matt Prater,K,3.0
9,9,100033,Baltimore,DEF,4.0
9,9,100019,New York,BN,6.0
9,10,5479,Drew Brees,QB,12.92
9,10,6809,Devery Henderson,WR,9.2
9,10,9283,Jeremy Maclin,WR,14.0
9,10,4323,Hines Ward,WR,4.4
9,10,9317,LeSean McCoy,RB,3.8
9,10,7770,Laurence Maroney,RB,7.6
9,10,6663,Antonio Gates,TE,11.3
9,10,7179,Braylon Edwards,BN,7.4
9,10,9329,Shonn Greene,BN,2.6
9,10,5977,Brian Westbrook,BN,6.4
9,10,8795,Joe Flacco,BN,5.6
9,10,8286,Anthony Gonzalez,BN,0.0
9,10,8565,Matt Prater,K,2.0
9,10,100033,Baltimore,DEF,18.0
9,10,100019,New York,BN,0.0
9,11,5479,Drew Brees,QB,16.48
9,11,6809,Devery Henderson,WR,0.3
9,11,9283,Jeremy Maclin,WR,9.4
9,11,4323,Hines Ward,WR,21.8
9,11,9317,LeSean McCoy,RB,11.9
9,11,7770,Laurence Maroney,RB,13.7
9,11,6663,Antonio Gates,TE,5.6
9,11,7179,Braylon Edwards,BN,1.5
9,11,9329,Shonn Greene,BN,-0.1
9,11,5977,Brian Westbrook,BN,0.0
9,11,8795,Joe Flacco,BN,9.04
9,11,8286,Anthony Gonzalez,BN,0.0
9,11,8565,Matt Prater,K,2.0
9,11,100033,Baltimore,DEF,7.0
9,11,100019,New York,BN,3.0
9,12,5479,Drew Brees,QB,0.0
9,12,6809,Devery Henderson,WR,0.0
9,12,9283,Jeremy Maclin,WR,8.8
9,12,4323,Hines Ward,WR,6.2
9,12,9317,LeSean McCoy,RB,14.1
9,12,7770,Laurence Maroney,RB,0.0
9,12,6663,Antonio Gates,TE,23.3
9,12,7179,Braylon Edwards,BN,5.5
9,12,9329,Shonn Greene,BN,1.6
9,12,5977,Brian Westbrook,BN,0.0
9,12,8795,Joe Flacco,BN,11.64
9,12,8286,Anthony Gonzalez,BN,0.0
9,12,8565,Matt Prater,K,9.0
9,12,100033,Baltimore,DEF,1.0
9,12,100019,New York,BN,3.0
10,1,6763,Philip Rivers,QB,11.98
10,1,5521,Steve Smith,WR,4.0
10,1,8826,DeSean Jackson,WR,5.2
10,1,7806,Devin Hester,WR,15.0
10,1,7776,DeAngelo Williams,RB,13.9
10,1,8391,Le'Ron McClain,RB,9.7
10,1,6360,Dallas Clark,TE,5.9
10,1,6837,Bernard Berrian,BN,0.0
10,1,6363,Larry Johnson,BN,3.1
10,1,7201,Jason Campbell,BN,10.04
10,1,5948,Antwaan Randle El,BN,13.3
10,1,7802,Anthony Fasano,BN,-2.0
10,1,9271,Darrius Heyward-Bey,BN,0.0
10,1,4269,Phil Dawson,K,4.0
10,1,100023,Pittsburgh,DEF,11.0
10,2,6763,Philip Rivers,QB,22.44
10,2,5521,Steve Smith,WR,17.1
10,2,8826,DeSean Jackson,WR,17.6
10,2,7806,Devin Hester,WR,4.1
10,2,7776,DeAngelo Williams,RB,14.6
10,2,6363,Larry Johnson,RB,13.4
10,2,6360,Dallas Clark,TE,25.8
10,2,8391,Le'Ron McClain,BN,3.8
10,2,6837,Bernard Berrian,BN,7.6
10,2,7201,Jason Campbell,BN,12.48
10,2,5948,Antwaan Randle El,BN,5.9
10,2,7802,Anthony Fasano,BN,0.6
10,2,9271,Darrius Heyward-Bey,BN,2.3
10,2,4269,Phil Dawson,K,5.0
10,2,100023,Pittsburgh,DEF,3.0
10,3,6763,Philip Rivers,QB,14.62
10,3,5521,Steve Smith,WR,5.8
10,3,7806,Devin Hester,WR,14.1
10,3,5948,Antwaan Randle El,WR,3.1
10,3,7776,DeAngelo Williams,RB,8.4
10,3,6363,Larry Johnson,RB,1.8
10,3,6360,Dallas Clark,TE,14.4
10,3,8826,DeSean Jackson,BN,21.9
10,3,8391,Le'Ron McClain,BN,5.1
10,3,6837,Bernard Berrian,BN,7.6
10,3,7201,Jason Campbell,BN,20.7
10,3,7802,Anthony Fasano,BN,0.0
10,3,9271,Darrius Heyward-Bey,BN,0.0
10,3,5388,Rian Lindell,K,0.0
10,3,100023,Pittsburgh,DEF,3.0
10,4,6763,Philip Rivers,QB,17.26
10,4,7806,Devin Hester,WR,0.7
10,4,5948,Antwaan Randle El,WR,0.0
10,4,6837,Bernard Berrian,WR,14.5
10,4,6363,Larry Johnson,RB,6.9
10,4,8391,Le'Ron McClain,RB,0.0
10,4,6360,Dallas Clark,TE,12.0
10,4,5521,Steve Smith,BN,0.0
10,4,7776,DeAngelo Williams,BN,0.0
10,4,8826,DeSean Jackson,BN,0.0
10,4,7201,Jason Campbell,BN,9.8
10,4,7802,Anthony Fasano,BN,1.2
10,4,9271,Darrius Heyward-Bey,BN,4.3
10,4,5388,Rian Lindell,K,2.0
10,4,100023,Pittsburgh,DEF,4.0
10,5,7201,Jason Campbell,QB,9.2
10,5,6837,Bernard Berrian,WR,5.4
10,5,5521,Steve Smith,WR,11.0
10,5,8826,DeSean Jackson,WR,0.6
10,5,6363,Larry Johnson,RB,5.1
10,5,7776,DeAngelo Williams,RB,4.9
10,5,6360,Dallas Clark,TE,12.2
10,5,6763,Philip Rivers,BN,0.0
10,5,7806,Devin Hester,BN,0.0
10,5,5948,Antwaan Randle El,BN,4.3
10,5,8391,Le'Ron McClain,BN,3.1
10,5,7802,Anthony Fasano,BN,9.8
10,5,9271,Darrius Heyward-Bey,BN,0.0
10,5,5388,Rian Lindell,K,2.0
10,5,100023,Pittsburgh,DEF,10.0
10,6,6763,Philip Rivers,QB,12.06
10,6,5521,Steve Smith,WR,0.9
10,6,8826,DeSean Jackson,WR,12.4
10,6,7806,Devin Hester,WR,12.4
10,6,6363,Larry Johnson,RB,11.0
10,6,7776,DeAngelo Williams,RB,26.2
10,6,7777,Marcedes Lewis,TE,1.0
10,6,6360,Dallas Clark,BN,0.0
10,6,7201,Jason Campbell,BN,3.16
10,6,6837,Bernard Berrian,BN,7.3
10,6,5948,Antwaan Randle El,BN,3.3
10,6,8391,Le'Ron McClain,BN,0.4
10,6,7802,Anthony Fasano,BN,0.0
10,6,5388,Rian Lindell,K,7.0
10,6,100023,Pittsburgh,DEF,11.0
10,7,6763,Philip Rivers,QB,21.52
10,7,5521,Steve Smith,WR,12.9
10,7,8826,DeSean Jackson,WR,22.6
10,7,7806,Devin Hester,WR,16.1
10,7,6363,Larry Johnson,RB,6.1
10,7,7776,DeAngelo Williams,RB,20.4
10,7,6360,Dallas Clark,TE,9.9
10,7,7777,Marcedes Lewis,BN,0.0
10,7,7201,Jason Campbell,BN,15.16
10,7,6837,Bernard Berrian,BN,2.8
10,7,5948,Antwaan Randle El,BN,4.4
10,7,8391,Le'Ron McClain,BN,0.0
10,7,7802,Anthony Fasano,BN,3.6
10,7,5388,Rian Lindell,K,4.0
10,7,100023,Pittsburgh,DEF,9.0
10,8,6763,Philip Rivers,QB,11.76
10,8,5521,Steve Smith,WR,12.8
10,8,8826,DeSean Jackson,WR,13.3
10,8,7806,Devin Hester,WR,11.1
10,8,7776,DeAngelo Williams,RB,15.8
10,8,8008,Mike Bell,RB,2.9
10,8,6360,Dallas Clark,TE,13.9
10,8,6363,Larry Johnson,BN,0.0
10,8,7777,Marcedes Lewis,BN,2.5
10,8,6837,Bernard Berrian,BN,10.2
10,8,5948,Antwaan Randle El,BN,0.0
10,8,7802,Anthony Fasano,BN,2.6
10,8,5388,Rian Lindell,K,2.0
10,8,100034,Houston,DEF,10.0
10,8,100023,Pittsburgh,BN,0.0
10,9,6763,Philip Rivers,QB,16.86
10,9,5521,Steve Smith,WR,8.4
10,9,8826,DeSean Jackson,WR,3.9
10,9,7806,Devin Hester,WR,12.1
10,9,7776,DeAngelo Williams,RB,23.1
10,9,8008,Mike Bell,RB,1.7
10,9,6360,Dallas Clark,TE,19.3
10,9,6363,Larry Johnson,BN,0.0
10,9,7777,Marcedes Lewis,BN,0.8
10,9,6837,Bernard Berrian,BN,0.0
10,9,5948,Antwaan Randle El,BN,4.3
10,9,7802,Anthony Fasano,BN,2.5
10,9,1078,Matt Stover,K,4.0
10,9,100023,Pittsburgh,DEF,15.0
10,9,100034,Houston,BN,7.0
10,10,6763,Philip Rivers,QB,15.14
10,10,5521,Steve Smith,WR,13.4
10,10,8826,DeSean Jackson,WR,13.1
10,10,7806,Devin Hester,WR,8.3
10,10,8008,Mike Bell,RB,3.0
10,10,6432,Justin Fargas,RB,8.1
10,10,6360,Dallas Clark,TE,8.5
10,10,7776,DeAngelo Williams,BN,12.7
10,10,6363,Larry Johnson,BN,0.0
10,10,7777,Marcedes Lewis,BN,6.8
10,10,6837,Bernard Berrian,BN,3.7
10,10,5948,Antwaan Randle El,BN,6.0
10,10,7802,Anthony Fasano,BN,0.0
10,10,1078,Matt Stover,K,0.0
10,10,100023,Pittsburgh,DEF,3.0
10,11,6763,Philip Rivers,QB,8.8
10,11,5521,Steve Smith,WR,16.2
10,11,8826,DeSean Jackson,WR,17.7
10,11,7806,Devin Hester,WR,3.8
10,11,8008,Mike Bell,RB,16.5
10,11,6432,Justin Fargas,RB,5.9
10,11,6360,Dallas Clark,TE,4.8
10,11,7776,DeAngelo Williams,BN,15.6
10,11,6363,Larry Johnson,BN,0.5
10,11,7777,Marcedes Lewis,BN,8.5
10,11,6837,Bernard Berrian,BN,6.1
10,11,5948,Antwaan Randle El,BN,7.0
10,11,7802,Anthony Fasano,BN,0.0
10,11,1078,Matt Stover,K,2.0
10,11,100023,Pittsburgh,DEF,7.0
10,12,6763,Philip Rivers,QB,19.08
10,12,5521,Steve Smith,WR,1.0
10,12,8826,DeSean Jackson,WR,9.1
10,12,7806,Devin Hester,WR,2.5
10,12,8008,Mike Bell,RB,0.0
10,12,7776,DeAngelo Williams,RB,6.88
10,12,6360,Dallas Clark,TE,14.8
10,12,6432,Justin Fargas,BN,7.2
10,12,6363,Larry Johnson,BN,11.5
10,12,7777,Marcedes Lewis,BN,5.5
10,12,6837,Bernard Berrian,BN,10.4
10,12,5948,Antwaan Randle El,BN,2.9
10,12,7802,Anthony Fasano,BN,9.9
10,12,1078,Matt Stover,K,0.0
10,12,100023,Pittsburgh,DEF,9.0
11,1,6624,Tony Romo,QB,23.32
11,1,7027,Wes Welker,WR,15.3
11,1,8286,Anthony Gonzalez,WR,0.0
11,1,3988,Derrick Mason,WR,6.7
11,1,7241,Frank Gore,RB,14.3
11,1,8866,Steve Slaton,RB,4.7
11,1,8285,Greg Olsen,TE,1.3
11,1,9276,Knowshon Moreno,BN,1.9
11,1,9286,Percy Harvin,BN,11.3
11,1,6788,Michael Jenkins,BN,6.1
11,1,9269,Mark Sanchez,BN,13.48
11,1,8926,Tim Hightower,BN,19.6
11,1,7259,Chris Henry,BN,2.3
11,1,4080,Ryan Longwell,K,4.0
11,1,100016,Minnesota,DEF,10.0
11,2,6624,Tony Romo,QB,9.38
11,2,7027,Wes Welker,WR,0.0
11,2,9286,Percy Harvin,WR,12.0
11,2,6809,Devery Henderson,WR,8.6
11,2,7241,Frank Gore,RB,35.1
11,2,8866,Steve Slaton,RB,7.4
11,2,8285,Greg Olsen,TE,5.6
11,2,3988,Derrick Mason,BN,4.6
11,2,9276,Knowshon Moreno,BN,10.7
11,2,6788,Michael Jenkins,BN,4.8
11,2,9269,Mark Sanchez,BN,9.32
11,2,8926,Tim Hightower,BN,13.9
11,2,7181,Carnell Williams,BN,14.0
11,2,4080,Ryan Longwell,K,5.0
11,2,100016,Minnesota,DEF,12.0
11,3,6624,Tony Romo,QB,12.4
11,3,9286,Percy Harvin,WR,6.3
11,3,6809,Devery Henderson,WR,5.5
11,3,8872,Mario Manningham,WR,7.5
11,3,7241,Frank Gore,RB,0.4
11,3,8926,Tim Hightower,RB,6.6
11,3,8285,Greg Olsen,TE,10.9
11,3,7027,Wes Welker,BN,0.0
11,3,8866,Steve Slaton,BN,12.8
11,3,3988,Derrick Mason,BN,18.3
11,3,9276,Knowshon Moreno,BN,13.0
11,3,9269,Mark Sanchez,BN,14.84
11,3,7181,Carnell Williams,BN,1.6
11,3,4080,Ryan Longwell,K,7.0
11,3,100016,Minnesota,DEF,4.0
11,4,6624,Tony Romo,QB,7.2
11,4,9286,Percy Harvin,WR,4.9
11,4,8872,Mario Manningham,WR,4.8
11,4,7027,Wes Welker,WR,7.8
11,4,8866,Steve Slaton,RB,15.9
11,4,8902,Tashard Choice,RB,10.5
11,4,8285,Greg Olsen,TE,4.6
11,4,6809,Devery Henderson,BN,3.6
11,4,7241,Frank Gore,BN,0.0
11,4,8926,Tim Hightower,BN,0.0
11,4,3988,Derrick Mason,BN,16.3
11,4,9276,Knowshon Moreno,BN,10.6
11,4,9269,Mark Sanchez,BN,2.92
11,4,4080,Ryan Longwell,K,0.0
11,4,100016,Minnesota,DEF,15.0
11,5,6624,Tony Romo,QB,18.54
11,5,9286,Percy Harvin,WR,8.6
11,5,7027,Wes Welker,WR,16.6
11,5,3988,Derrick Mason,WR,0.0
11,5,8866,Steve Slaton,RB,12.8
11,5,8800,Rashard Mendenhall,RB,14.3
11,5,7755,Vernon Davis,TE,7.6
11,5,8872,Mario Manningham,BN,8.6
11,5,8902,Tashard Choice,BN,13.2
11,5,7241,Frank Gore,BN,0.0
11,5,8926,Tim Hightower,BN,11.2
11,5,9276,Knowshon Moreno,BN,12.4
11,5,9269,Mark Sanchez,BN,10.48
11,5,4080,Ryan Longwell,K,3.0
11,5,100016,Minnesota,DEF,14.0
11,6,9269,Mark Sanchez,QB,0.36
11,6,7027,Wes Welker,WR,28.0
11,6,3988,Derrick Mason,WR,17.2
11,6,8872,Mario Manningham,WR,11.0
11,6,8866,Steve Slaton,RB,19.5
11,6,8800,Rashard Mendenhall,RB,10.7
11,6,8285,Greg Olsen,TE,12.2
11,6,7755,Vernon Davis,BN,0.0
11,6,6624,Tony Romo,BN,0.0
11,6,9286,Percy Harvin,BN,2.2
11,6,7241,Frank Gore,BN,0.0
11,6,8926,Tim Hightower,BN,11.8
11,6,9276,Knowshon Moreno,BN,4.8
11,6,4080,Ryan Longwell,K,9.0
11,6,100016,Minnesota,DEF,2.0
11,7,6624,Tony Romo,QB,24.54
11,7,7027,Wes Welker,WR,20.3
11,7,8872,Mario Manningham,WR,6.7
11,7,8298,Sidney Rice,WR,18.6
11,7,8866,Steve Slaton,RB,16.9
11,7,7241,Frank Gore,RB,5.7
11,7,7755,Vernon Davis,TE,24.8
11,7,9286,Percy Harvin,BN,6.4
11,7,3988,Derrick Mason,BN,0.0
11,7,8800,Rashard Mendenhall,BN,5.3
11,7,8926,Tim Hightower,BN,5.0
11,7,9276,Knowshon Moreno,BN,0.0
11,7,8834,Chad Henne,BN,6.44
11,7,4080,Ryan Longwell,K,2.0
11,7,100016,Minnesota,DEF,7.0
11,8,6624,Tony Romo,QB,18.24
11,8,8872,Mario Manningham,WR,0.0
11,8,8298,Sidney Rice,WR,6.0
11,8,3988,Derrick Mason,WR,10.0
11,8,8866,Steve Slaton,RB,0.1
11,8,7241,Frank Gore,RB,19.9
11,8,7755,Vernon Davis,TE,7.5
11,8,7027,Wes Welker,BN,0.0
11,8,9286,Percy Harvin,BN,15.1
11,8,8800,Rashard Mendenhall,BN,0.0
11,8,8926,Tim Hightower,BN,17.6
11,8,9276,Knowshon Moreno,BN,6.5
11,8,8834,Chad Henne,BN,6.98
11,8,4080,Ryan Longwell,K,3.0
11,8,100016,Minnesota,DEF,6.0
11,9,6624,Tony Romo,QB,13.98
11,9,8872,Mario Manningham,WR,8.2
11,9,3988,Derrick Mason,WR,4.8
11,9,7027,Wes Welker,WR,12.9
11,9,7241,Frank Gore,RB,23.3
11,9,8800,Rashard Mendenhall,RB,16.9
11,9,7755,Vernon Davis,TE,15.2
11,9,8866,Steve Slaton,BN,8.4
11,9,8298,Sidney Rice,BN,0.0
11,9,9286,Percy Harvin,BN,0.0
11,9,8926,Tim Hightower,BN,9.3
11,9,9276,Knowshon Moreno,BN,0.3
11,9,3888,Olindo Mare,K,8.0
11,9,100026,Seattle,DEF,13.0
11,9,100016,Minnesota,BN,0.0
11,10,6624,Tony Romo,QB,11.64
11,10,3988,Derrick Mason,WR,9.3
11,10,7027,Wes Welker,WR,13.9
11,10,8298,Sidney Rice,WR,23.6
11,10,7241,Frank Gore,RB,18.5
11,10,8800,Rashard Mendenhall,RB,4.6
11,10,7755,Vernon Davis,TE,3.1
11,10,8872,Mario Manningham,BN,0.0
11,10,8866,Steve Slaton,BN,0.0
11,10,9286,Percy Harvin,BN,7.5
11,10,8926,Tim Hightower,BN,8.3
11,10,9276,Knowshon Moreno,BN,11.4
11,10,3888,Olindo Mare,K,4.0
11,10,100016,Minnesota,DEF,9.0
11,10,100026,Seattle,BN,-1.0
11,11,6624,Tony Romo,QB,8.72
11,11,3988,Derrick Mason,WR,18.7
11,11,7027,Wes Welker,WR,27.8
11,11,8298,Sidney Rice,WR,19.9
11,11,7241,Frank Gore,RB,12.3
11,11,8800,Rashard Mendenhall,RB,17.6
11,11,7755,Vernon Davis,TE,17.8
11,11,8872,Mario Manningham,BN,15.6
11,11,8866,Steve Slaton,BN,12.8
11,11,9286,Percy Harvin,BN,14.4
11,11,8926,Tim Hightower,BN,13.5
11,11,9276,Knowshon Moreno,BN,7.1
11,11,8498,Jason Snelling,BN,18.4
11,11,3888,Olindo Mare,K,3.0
11,11,100016,Minnesota,DEF,10.0
11,12,6624,Tony Romo,QB,18.26
11,12,3988,Derrick Mason,WR,13.7
11,12,7027,Wes Welker,WR,0.0
11,12,8298,Sidney Rice,WR,11.9
11,12,7241,Frank Gore,RB,12.2
11,12,8866,Steve Slaton,RB,14.1
11,12,7755,Vernon Davis,TE,13.9
11,12,8498,Jason Snelling,BN,-1.2
11,12,8800,Rashard Mendenhall,BN,10.9
11,12,8872,Mario Manningham,BN,7.3
11,12,9286,Percy Harvin,BN,21.6
11,12,8926,Tim Hightower,BN,13.3
11,12,9276,Knowshon Moreno,BN,15.7
11,12,3888,Olindo Mare,K,4.0
11,12,100016,Minnesota,DEF,14.0
12,1,7760,Jay Cutler,QB,11.68
12,1,7203,Roddy White,WR,6.7
12,1,7774,Santonio Holmes,WR,21.6
12,1,7544,Lance Moore,WR,4.8
12,1,6783,Steven Jackson,RB,6.7
12,1,7751,Reggie Bush,RB,7.4
12,1,6405,Jason Witten,TE,9.6
12,1,6770,Ben Roethlisberger,BN,15.82
12,1,9291,Donald Brown,BN,5.9
12,1,3511,Muhsin Muhammad,BN,6.1
12,1,8416,Brent Celek,BN,10.7
12,1,6407,Nate Burleson,BN,12.9
12,1,7828,Jerious Norwood,BN,8.1
12,1,6558,Josh Brown,K,0.0
12,1,100021,Philadelphia,DEF,23.0
12,2,6770,Ben Roethlisberger,QB,15.44
12,2,7203,Roddy White,WR,12.3
12,2,7774,Santonio Holmes,WR,10.8
12,2,6407,Nate Burleson,WR,6.6
12,2,6783,Steven Jackson,RB,13.9
12,2,7751,Reggie Bush,RB,13.0
12,2,6405,Jason Witten,TE,9.8
12,2,7760,Jay Cutler,BN,15.34
12,2,7544,Lance Moore,BN,0.0
12,2,9291,Donald Brown,BN,9.5
12,2,8416,Brent Celek,BN,14.4
12,2,7828,Jerious Norwood,BN,0.6
12,2,7520,Robbie Gould,K,3.0
12,2,100009,Green Bay,DEF,5.0
12,2,100021,Philadelphia,BN,2.0
12,3,6770,Ben Roethlisberger,QB,17.34
12,3,7203,Roddy White,WR,4.4
12,3,7774,Santonio Holmes,WR,2.3
12,3,6975,Patrick Crayton,WR,7.3
12,3,6783,Steven Jackson,RB,16.8
12,3,7751,Reggie Bush,RB,9.6
12,3,6405,Jason Witten,TE,12.2
12,3,6407,Nate Burleson,BN,15.6
12,3,7760,Jay Cutler,BN,17.78
12,3,7544,Lance Moore,BN,0.0
12,3,9291,Donald Brown,BN,11.7
12,3,8416,Brent Celek,BN,18.4
12,3,7520,Robbie Gould,K,2.0
12,3,100021,Philadelphia,DEF,6.0
12,3,100009,Green Bay,BN,10.0
12,4,7760,Jay Cutler,QB,16.44
12,4,7774,Santonio Holmes,WR,7.9
12,4,6975,Patrick Crayton,WR,3.1
12,4,6407,Nate Burleson,WR,5.1
12,4,6783,Steven Jackson,RB,10.0
12,4,7751,Reggie Bush,RB,3.9
12,4,6405,Jason Witten,TE,5.1
12,4,6770,Ben Roethlisberger,BN,19.62
12,4,7203,Roddy White,BN,0.0
12,4,7544,Lance Moore,BN,0.6
12,4,9291,Donald Brown,BN,9.1
12,4,8416,Brent Celek,BN,0.0
12,4,7520,Robbie Gould,K,6.0
12,4,100009,Green Bay,DEF,1.0
12,4,100021,Philadelphia,BN,0.0
12,5,6770,Ben Roethlisberger,QB,18.78
12,5,7774,Santonio Holmes,WR,7.0
12,5,6407,Nate Burleson,WR,20.8
12,5,7203,Roddy White,WR,33.0
12,5,6783,Steven Jackson,RB,9.9
12,5,7894,Jerome Harrison,RB,2.1
12,5,6405,Jason Witten,TE,7.2
12,5,6975,Patrick Crayton,BN,4.4
12,5,7751,Reggie Bush,BN,0.0
12,5,7760,Jay Cutler,BN,0.0
12,5,9291,Donald Brown,BN,4.5
12,5,8416,Brent Celek,BN,7.8
12,5,3888,Olindo Mare,K,5.0
12,5,100021,Philadelphia,DEF,12.0
12,5,100009,Green Bay,BN,0.0
12,6,6770,Ben Roethlisberger,QB,20.78
12,6,7774,Santonio Holmes,WR,12.9
12,6,6407,Nate Burleson,WR,5.0
12,6,7203,Roddy White,WR,11.6
12,6,6783,Steven Jackson,RB,15.8
12,6,7751,Reggie Bush,RB,6.9
12,6,8416,Brent Celek,TE,9.5
12,6,7894,Jerome Harrison,BN,2.6
12,6,6405,Jason Witten,BN,0.0
12,6,6975,Patrick Crayton,BN,0.0
12,6,7760,Jay Cutler,BN,19.4
12,6,9291,Donald Brown,BN,0.0
12,6,3888,Olindo Mare,K,2.0
12,6,100021,Philadelphia,DEF,10.0
12,6,100009,Green Bay,BN,21.0
12,7,6770,Ben Roethlisberger,QB,10.2
12,7,7774,Santonio Holmes,WR,7.0
12,7,7203,Roddy White,WR,12.0
12,7,9391,Austin Collie,WR,9.6
12,7,6783,Steven Jackson,RB,13.8
12,7,9291,Donald Brown,RB,5.8
12,7,6405,Jason Witten,TE,7.8
12,7,7751,Reggie Bush,BN,8.1
12,7,8416,Brent Celek,BN,2.3
12,7,6407,Nate Burleson,BN,0.0
12,7,7760,Jay Cutler,BN,10.44
12,7,6802,Julius Jones,BN,0.0
12,7,8432,Nick Folk,K,7.0
12,7,100021,Philadelphia,DEF,15.0
12,7,100009,Green Bay,BN,13.0
12,8,7760,Jay Cutler,QB,11.2
12,8,7203,Roddy White,WR,16.8
12,8,9391,Austin Collie,WR,9.6
12,8,6407,Nate Burleson,WR,9.9
12,8,6783,Steven Jackson,RB,22.1
12,8,7751,Reggie Bush,RB,6.4
12,8,6405,Jason Witten,TE,5.6
12,8,9291,Donald Brown,BN,0.0
12,8,6770,Ben Roethlisberger,BN,0.0
12,8,7774,Santonio Holmes,BN,0.0
12,8,8416,Brent Celek,BN,12.1
12,8,6802,Julius Jones,BN,9.8
12,8,8432,Nick Folk,K,3.0
12,8,100021,Philadelphia,DEF,9.0
12,8,100009,Green Bay,BN,0.0
12,9,6770,Ben Roethlisberger,QB,15.02
12,9,7203,Roddy White,WR,4.4
12,9,6407,Nate Burleson,WR,11.0
12,9,7774,Santonio Holmes,WR,12.3
12,9,7253,Ryan Moats,RB,8.8
12,9,6802,Julius Jones,RB,18.4
12,9,6405,Jason Witten,TE,7.8
12,9,7751,Reggie Bush,BN,8.8
12,9,7760,Jay Cutler,BN,24.46
12,9,9391,Austin Collie,BN,3.6
12,9,6783,Steven Jackson,BN,0.0
12,9,8416,Brent Celek,BN,9.4
12,9,8432,Nick Folk,K,4.0
12,9,100021,Philadelphia,DEF,7.0
12,9,100009,Green Bay,BN,2.0
12,10,6770,Ben Roethlisberger,QB,7.56
12,10,7203,Roddy White,WR,13.3
12,10,6407,Nate Burleson,WR,0.0
12,10,7774,Santonio Holmes,WR,12.3
12,10,6802,Julius Jones,RB,1.0
12,10,6783,Steven Jackson,RB,26.1
12,10,6405,Jason Witten,TE,7.2
12,10,7253,Ryan Moats,BN,0.0
12,10,7751,Reggie Bush,BN,18.8
12,10,7760,Jay Cutler,BN,7.48
12,10,9391,Austin Collie,BN,7.5
12,10,8416,Brent Celek,BN,11.7
12,10,8432,Nick Folk,K,0.0
12,10,100021,Philadelphia,DEF,1.0
12,10,100009,Green Bay,BN,15.0
12,11,6770,Ben Roethlisberger,QB,23.32
12,11,7203,Roddy White,WR,6.5
12,11,6407,Nate Burleson,WR,13.0
12,11,7774,Santonio Holmes,WR,12.1
12,11,6783,Steven Jackson,RB,16.6
12,11,9473,Bernard Scott,RB,16.6
12,11,8416,Brent Celek,TE,5.5
12,11,7751,Reggie Bush,BN,0.0
12,11,6405,Jason Witten,BN,6.8
12,11,7760,Jay Cutler,BN,11.94
12,11,9391,Austin Collie,BN,1.7
12,11,9010,Justin Forsett,BN,16.9
12,11,8432,Nick Folk,K,0.0
12,11,100021,Philadelphia,DEF,6.0
12,11,100009,Green Bay,BN,5.0
12,12,7760,Jay Cutler,QB,8.48
12,12,7203,Roddy White,WR,12.2
12,12,6407,Nate Burleson,WR,6.6
12,12,7774,Santonio Holmes,WR,14.4
12,12,6783,Steven Jackson,RB,18.1
12,12,9010,Justin Forsett,RB,21.0
12,12,8416,Brent Celek,TE,5.3
12,12,6770,Ben Roethlisberger,BN,0.0
12,12,9473,Bernard Scott,BN,8.7
12,12,7751,Reggie Bush,BN,0.0
12,12,6405,Jason Witten,BN,13.2
12,12,9391,Austin Collie,BN,9.0
12,12,8432,Nick Folk,K,2.0
12,12,100021,Philadelphia,DEF,5.0
12,12,100009,Green Bay,BN,16.0
